Date SP8;Title;Slide No;Series;X..pixel.;Y..pixel.;Z..pixel.;Ch0..tot.Signal.intensity.;Ch1..tot.Signal.intensity.;Ch2..tot.Signal.intensity.;Ratio.Ch1.2;Ratio.Ch0.2;Ratio.Ch0.1;Treatment;Feeding
20.01.2021;126/8 dD2-2 Negative Control;78a;3;256;256;30;1.76E+07;5.05E+06;2.86E+07;1.77E-01;6.15E-01;3.49E+00;No Fluorophore;No Feed
20.01.2021;126/8 dD2-2 Negative Control;78a;4;256;256;30;1.70E+07;5.09E+06;2.38E+07;2.14E-01;7.14E-01;3.34E+00;No Fluorophore;No Feed
20.01.2021;126/8 dD2-2 Negative Control;78a;5;256;256;31;1.73E+07;5.93E+06;2.27E+07;2.61E-01;7.62E-01;2.92E+00;No Fluorophore;No Feed
20.01.2021;126/8 dD2-2 Negative Control;78a;6;256;256;31;1.76E+07;6.11E+06;1.94E+07;3.15E-01;9.07E-01;2.88E+00;No Fluorophore;No Feed
20.01.2021;126/8 dD2-2 Negative Control;78a;7;256;256;30;1.86E+07;4.57E+06;2.44E+07;1.87E-01;7.62E-01;4.07E+00;No Fluorophore;No Feed
20.01.2021;126/8 dD2-2 Negative Control;78a;8;256;256;30;1.83E+07;4.80E+06;1.99E+07;2.41E-01;9.20E-01;3.81E+00;No Fluorophore;No Feed
20.01.2021;126/8 dD2-2 Negative Control;78a;9;256;256;65;5.53E+07;6.52E+06;5.66E+07;1.15E-01;9.77E-01;8.48E+00;No Fluorophore;No Feed
20.01.2021;126/8 dD2-2 Negative Control;78a;10;256;256;65;5.31E+07;6.88E+06;4.64E+07;1.48E-01;1.14E+00;7.72E+00;No Fluorophore;No Feed
20.01.2021;126/8 dD2-2 Negative Control;78a;11;256;256;27;1.53E+07;3.34E+06;2.52E+07;1.33E-01;6.07E-01;4.58E+00;No Fluorophore;No Feed
20.01.2021;126/8 dD2-2 Negative Control;78a;12;256;256;27;1.58E+07;3.49E+06;2.09E+07;1.67E-01;7.56E-01;4.53E+00;No Fluorophore;No Feed
20.01.2021;126/8 dD2-2 Negative Control;78a;13;256;256;33;2.43E+07;4.53E+06;2.87E+07;1.58E-01;8.47E-01;5.36E+00;No Fluorophore;No Feed
20.01.2021;126/8 dD2-2 Negative Control;78a;14;256;256;33;2.41E+07;4.75E+06;2.30E+07;2.07E-01;1.05E+00;5.07E+00;No Fluorophore;No Feed
20.01.2021;126/8 dD2-2 Negative Control;78a;15;256;256;32;2.16E+07;4.32E+06;2.80E+07;1.54E-01;7.71E-01;5.00E+00;No Fluorophore;No Feed
20.01.2021;126/8 dD2-2 Negative Control;78a;16;256;256;32;2.27E+07;4.52E+06;2.32E+07;1.95E-01;9.78E-01;5.02E+00;No Fluorophore;No Feed
20.01.2021;126/8 dD2-2 Negative Control;78a;17;256;256;31;2.47E+07;4.69E+06;2.62E+07;1.79E-01;9.43E-01;5.27E+00;No Fluorophore;No Feed
20.01.2021;126/8 dD2-2 Negative Control;78a;18;256;256;31;2.24E+07;4.84E+06;2.10E+07;2.30E-01;1.07E+00;4.63E+00;No Fluorophore;No Feed
20.01.2021;126/8 dD2-2 Negative Control;78a;19;256;256;33;2.15E+07;4.52E+06;2.79E+07;1.62E-01;7.71E-01;4.76E+00;No Fluorophore;No Feed
20.01.2021;126/8 dD2-2 Negative Control;78a;20;256;256;33;2.20E+07;4.67E+06;2.23E+07;2.09E-01;9.87E-01;4.71E+00;No Fluorophore;No Feed
20.01.2021;126/8 dD2-2 Negative Control;78a;21;256;256;28;2.30E+07;4.15E+06;3.30E+07;1.26E-01;6.97E-01;5.54E+00;No Fluorophore;No Feed
20.01.2021;126/8 dD2-2 Negative Control;78a;22;256;256;28;2.24E+07;4.43E+06;2.58E+07;1.72E-01;8.68E-01;5.06E+00;No Fluorophore;No Feed
20.01.2021;126/8 dD2-2 Negative Control;78a;23;256;256;28;1.81E+07;4.27E+06;2.57E+07;1.66E-01;7.04E-01;4.24E+00;No Fluorophore;No Feed
20.01.2021;126/8 dD2-2 Negative Control;78a;24;256;256;28;1.70E+07;4.41E+06;2.09E+07;2.11E-01;8.13E-01;3.85E+00;No Fluorophore;No Feed
20.01.2021;126/8 dD2-2 Negative Control;78a;25;256;256;34;1.92E+07;3.80E+06;2.14E+07;1.78E-01;8.97E-01;5.05E+00;No Fluorophore;No Feed
20.01.2021;126/8 dD2-2 Negative Control;78a;26;256;256;34;1.81E+07;3.90E+06;1.77E+07;2.20E-01;1.02E+00;4.64E+00;No Fluorophore;No Feed
20.01.2021;126/8 dD2-2 Negative Control;78a;27;256;256;27;1.73E+07;4.13E+06;2.18E+07;1.89E-01;7.94E-01;4.19E+00;No Fluorophore;No Feed
20.01.2021;126/8 dD2-2 Negative Control;78a;28;256;256;27;1.67E+07;4.29E+06;1.83E+07;2.34E-01;9.13E-01;3.89E+00;No Fluorophore;No Feed
20.01.2021;126/8 dD2-2 Negative Control;78a;29;256;256;28;2.70E+07;5.98E+06;2.76E+07;2.17E-01;9.78E-01;4.52E+00;No Fluorophore;No Feed
20.01.2021;126/8 dD2-2 Negative Control;78a;30;256;256;28;2.64E+07;6.05E+06;2.15E+07;2.81E-01;1.23E+00;4.36E+00;No Fluorophore;No Feed
20.01.2021;126/8 dD2-2 Negative Control;78a;31;256;256;29;2.02E+07;4.15E+06;2.25E+07;1.84E-01;8.98E-01;4.87E+00;No Fluorophore;No Feed
20.01.2021;126/8 dD2-2 Negative Control;78a;32;256;256;29;1.89E+07;4.28E+06;1.90E+07;2.25E-01;9.95E-01;4.42E+00;No Fluorophore;No Feed
20.01.2021;126/8 dD2-2 Negative Control;78a;33;256;256;30;1.26E+07;3.92E+06;2.26E+07;1.73E-01;5.58E-01;3.21E+00;No Fluorophore;No Feed
20.01.2021;126/8 dD2-2 Negative Control;78a;34;256;256;30;1.42E+07;4.07E+06;1.86E+07;2.19E-01;7.63E-01;3.49E+00;No Fluorophore;No Feed
20.01.2021;126/8 dD2-2 Negative Control;78a;35;256;256;29;1.27E+07;2.59E+06;2.12E+07;1.22E-01;5.99E-01;4.90E+00;No Fluorophore;No Feed
20.01.2021;126/8 dD2-2 Negative Control;78a;36;256;256;29;1.44E+07;2.66E+06;1.76E+07;1.51E-01;8.18E-01;5.41E+00;No Fluorophore;No Feed
20.01.2021;126/8 dD2-2 Negative Control;78a;37;256;256;32;1.90E+07;3.34E+06;2.42E+07;1.38E-01;7.85E-01;5.69E+00;No Fluorophore;No Feed
20.01.2021;126/8 dD2-2 Negative Control;78a;38;256;256;32;1.85E+07;3.42E+06;2.01E+07;1.70E-01;9.20E-01;5.41E+00;No Fluorophore;No Feed
20.01.2021;126/8 dD2-2 Negative Control;78a;39;256;256;34;1.75E+07;4.17E+06;2.63E+07;1.59E-01;6.65E-01;4.20E+00;No Fluorophore;No Feed
20.01.2021;126/8 dD2-2 Negative Control;78a;40;256;256;34;1.73E+07;4.30E+06;2.15E+07;2.00E-01;8.05E-01;4.02E+00;No Fluorophore;No Feed
20.01.2021;126/8 dD2-2 Negative Control;78a;41;256;256;32;1.92E+07;3.79E+06;3.00E+07;1.26E-01;6.40E-01;5.07E+00;No Fluorophore;No Feed
20.01.2021;126/8 dD2-2 Negative Control;78a;42;256;256;32;1.80E+07;3.94E+06;2.35E+07;1.68E-01;7.66E-01;4.57E+00;No Fluorophore;No Feed
20.01.2021;126/8 dD2-2 Negative Prop-Tyr;78b;3;256;256;35;4.72E+07;6.53E+06;3.70E+07;1.76E-01;1.28E+00;7.23E+00;No Fluorophore;Prop-Tyr
20.01.2021;126/8 dD2-2 Negative Prop-Tyr;78b;4;256;256;35;4.43E+07;6.82E+06;3.09E+07;2.21E-01;1.43E+00;6.50E+00;No Fluorophore;Prop-Tyr
20.01.2021;126/8 dD2-2 Negative Prop-Tyr;78b;5;256;256;30;3.15E+07;3.40E+06;2.65E+07;1.28E-01;1.19E+00;9.26E+00;No Fluorophore;Prop-Tyr
20.01.2021;126/8 dD2-2 Negative Prop-Tyr;78b;6;256;256;30;3.09E+07;3.50E+06;2.01E+07;1.74E-01;1.54E+00;8.83E+00;No Fluorophore;Prop-Tyr
20.01.2021;126/8 dD2-2 Negative Prop-Tyr;78b;7;256;256;35;3.48E+07;6.59E+06;4.02E+07;1.64E-01;8.66E-01;5.28E+00;No Fluorophore;Prop-Tyr
20.01.2021;126/8 dD2-2 Negative Prop-Tyr;78b;8;256;256;35;3.46E+07;6.57E+06;3.03E+07;2.17E-01;1.14E+00;5.27E+00;No Fluorophore;Prop-Tyr
20.01.2021;126/8 dD2-2 Negative Prop-Tyr;78b;9;256;256;24;2.03E+07;2.80E+06;2.40E+07;1.17E-01;8.46E-01;7.25E+00;No Fluorophore;Prop-Tyr
20.01.2021;126/8 dD2-2 Negative Prop-Tyr;78b;10;256;256;24;1.87E+07;2.89E+06;1.97E+07;1.47E-01;9.49E-01;6.47E+00;No Fluorophore;Prop-Tyr
20.01.2021;126/8 dD2-2 Negative Prop-Tyr;78b;11;256;256;29;2.96E+07;4.24E+06;2.23E+07;1.90E-01;1.33E+00;6.98E+00;No Fluorophore;Prop-Tyr
20.01.2021;126/8 dD2-2 Negative Prop-Tyr;78b;12;256;256;29;2.87E+07;4.33E+06;1.91E+07;2.27E-01;1.50E+00;6.63E+00;No Fluorophore;Prop-Tyr
20.01.2021;126/8 dD2-2 Negative Prop-Tyr;78b;13;256;256;29;2.06E+07;2.91E+06;2.67E+07;1.09E-01;7.72E-01;7.08E+00;No Fluorophore;Prop-Tyr
20.01.2021;126/8 dD2-2 Negative Prop-Tyr;78b;14;256;256;29;1.76E+07;2.97E+06;2.20E+07;1.35E-01;8.00E-01;5.93E+00;No Fluorophore;Prop-Tyr
20.01.2021;126/8 dD2-2 Negative Prop-Tyr;78b;15;256;256;35;2.61E+07;3.94E+06;3.66E+07;1.08E-01;7.13E-01;6.62E+00;No Fluorophore;Prop-Tyr
20.01.2021;126/8 dD2-2 Negative Prop-Tyr;78b;16;256;256;35;2.69E+07;4.09E+06;2.86E+07;1.43E-01;9.41E-01;6.58E+00;No Fluorophore;Prop-Tyr
20.01.2021;126/8 dD2-2 Negative Prop-Tyr;78b;17;256;256;32;2.59E+07;4.31E+06;2.74E+07;1.57E-01;9.45E-01;6.01E+00;No Fluorophore;Prop-Tyr
20.01.2021;126/8 dD2-2 Negative Prop-Tyr;78b;18;256;256;32;2.74E+07;4.39E+06;2.13E+07;2.06E-01;1.29E+00;6.24E+00;No Fluorophore;Prop-Tyr
20.01.2021;126/8 dD2-2 Negative Prop-Tyr;78b;19;256;256;34;3.27E+07;4.63E+06;4.71E+07;9.83E-02;6.94E-01;7.06E+00;No Fluorophore;Prop-Tyr
20.01.2021;126/8 dD2-2 Negative Prop-Tyr;78b;20;256;256;34;3.27E+07;4.67E+06;3.69E+07;1.27E-01;8.86E-01;7.00E+00;No Fluorophore;Prop-Tyr
20.01.2021;126/8 dD2-2 Negative Prop-Tyr;78b;21;256;256;31;4.20E+07;3.34E+06;3.20E+07;1.04E-01;1.31E+00;1.26E+01;No Fluorophore;Prop-Tyr
20.01.2021;126/8 dD2-2 Negative Prop-Tyr;78b;22;256;256;31;4.10E+07;3.45E+06;2.52E+07;1.37E-01;1.63E+00;1.19E+01;No Fluorophore;Prop-Tyr
20.01.2021;126/8 dD2-2 Negative Prop-Tyr;78b;23;256;256;29;2.70E+07;3.41E+06;2.77E+07;1.23E-01;9.75E-01;7.92E+00;No Fluorophore;Prop-Tyr
20.01.2021;126/8 dD2-2 Negative Prop-Tyr;78b;24;256;256;29;2.74E+07;3.53E+06;2.24E+07;1.58E-01;1.22E+00;7.76E+00;No Fluorophore;Prop-Tyr
20.01.2021;126/8 dD2-2 Negative Prop-Tyr;78b;25;256;256;30;2.96E+07;3.60E+06;2.53E+07;1.42E-01;1.17E+00;8.22E+00;No Fluorophore;Prop-Tyr
20.01.2021;126/8 dD2-2 Negative Prop-Tyr;78b;26;256;256;30;3.00E+07;3.75E+06;2.02E+07;1.86E-01;1.49E+00;8.00E+00;No Fluorophore;Prop-Tyr
20.01.2021;126/8 dD2-2 Negative Prop-Tyr;78b;27;256;256;27;3.27E+07;3.46E+06;1.96E+07;1.77E-01;1.67E+00;9.45E+00;No Fluorophore;Prop-Tyr
20.01.2021;126/8 dD2-2 Negative Prop-Tyr;78b;28;256;256;27;3.20E+07;3.58E+06;1.54E+07;2.32E-01;2.08E+00;8.94E+00;No Fluorophore;Prop-Tyr
20.01.2021;126/8 dD2-2 Negative Prop-Tyr;78b;29;256;256;30;3.09E+07;3.92E+06;2.84E+07;1.38E-01;1.09E+00;7.88E+00;No Fluorophore;Prop-Tyr
20.01.2021;126/8 dD2-2 Negative Prop-Tyr;78b;30;256;256;30;2.76E+07;4.04E+06;2.31E+07;1.75E-01;1.19E+00;6.83E+00;No Fluorophore;Prop-Tyr
20.01.2021;126/8 dD2-2 Negative Prop-Tyr;78b;31;256;256;31;3.82E+07;3.47E+06;3.17E+07;1.09E-01;1.21E+00;1.10E+01;No Fluorophore;Prop-Tyr
20.01.2021;126/8 dD2-2 Negative Prop-Tyr;78b;32;256;256;31;3.99E+07;3.60E+06;2.63E+07;1.37E-01;1.52E+00;1.11E+01;No Fluorophore;Prop-Tyr
20.01.2021;126/8 dD2-2 Negative Prop-Tyr;78b;33;256;256;28;3.00E+07;3.56E+06;2.29E+07;1.55E-01;1.31E+00;8.43E+00;No Fluorophore;Prop-Tyr
20.01.2021;126/8 dD2-2 Negative Prop-Tyr;78b;34;256;256;28;3.05E+07;3.65E+06;1.89E+07;1.93E-01;1.61E+00;8.36E+00;No Fluorophore;Prop-Tyr
20.01.2021;126/8 dD2-2 Negative Prop-Tyr;78b;35;256;256;35;2.93E+07;3.07E+06;2.79E+07;1.10E-01;1.05E+00;9.54E+00;No Fluorophore;Prop-Tyr
20.01.2021;126/8 dD2-2 Negative Prop-Tyr;78b;36;256;256;35;2.89E+07;3.15E+06;2.10E+07;1.50E-01;1.38E+00;9.17E+00;No Fluorophore;Prop-Tyr
20.01.2021;126/8 dD2-2 Negative Prop-Tyr;78b;37;256;256;32;4.07E+07;3.17E+06;2.93E+07;1.08E-01;1.39E+00;1.28E+01;No Fluorophore;Prop-Tyr
20.01.2021;126/8 dD2-2 Negative Prop-Tyr;78b;38;256;256;32;4.15E+07;3.29E+06;2.38E+07;1.38E-01;1.74E+00;1.26E+01;No Fluorophore;Prop-Tyr
20.01.2021;126/8 dD2-2 Negative Prop-Tyr;78b;39;256;256;28;3.91E+07;4.50E+06;2.33E+07;1.93E-01;1.68E+00;8.69E+00;No Fluorophore;Prop-Tyr
20.01.2021;126/8 dD2-2 Negative Prop-Tyr;78b;40;256;256;28;4.29E+07;4.66E+06;1.90E+07;2.45E-01;2.26E+00;9.21E+00;No Fluorophore;Prop-Tyr
20.01.2021;126/8 dD2-2 Negative Prop-Tyr;78b;41;256;256;32;3.74E+07;3.41E+06;2.21E+07;1.54E-01;1.69E+00;1.10E+01;No Fluorophore;Prop-Tyr
20.01.2021;126/8 dD2-2 Negative Prop-Tyr;78b;42;256;256;32;3.85E+07;3.59E+06;1.87E+07;1.92E-01;2.06E+00;1.07E+01;No Fluorophore;Prop-Tyr
20.01.2021;126/8 dD2-2 Negative Prop-Lys;79a;3;256;256;30;4.14E+07;6.76E+06;2.30E+07;2.94E-01;1.80E+00;6.12E+00;No Fluorophore;Prop-Lys
20.01.2021;126/8 dD2-2 Negative Prop-Lys;79a;4;256;256;30;3.93E+07;6.85E+06;1.89E+07;3.62E-01;2.08E+00;5.74E+00;No Fluorophore;Prop-Lys
20.01.2021;126/8 dD2-2 Negative Prop-Lys;79a;5;256;256;27;2.42E+07;2.41E+06;1.96E+07;1.23E-01;1.23E+00;1.00E+01;No Fluorophore;Prop-Lys
20.01.2021;126/8 dD2-2 Negative Prop-Lys;79a;6;256;256;27;2.36E+07;2.46E+06;1.67E+07;1.47E-01;1.41E+00;9.59E+00;No Fluorophore;Prop-Lys
20.01.2021;126/8 dD2-2 Negative Prop-Lys;79a;7;256;256;29;2.06E+07;2.48E+06;1.38E+07;1.80E-01;1.49E+00;8.31E+00;No Fluorophore;Prop-Lys
20.01.2021;126/8 dD2-2 Negative Prop-Lys;79a;8;256;256;29;2.13E+07;2.59E+06;1.14E+07;2.27E-01;1.87E+00;8.22E+00;No Fluorophore;Prop-Lys
20.01.2021;126/8 dD2-2 Negative Prop-Lys;79a;9;256;256;31;3.24E+07;6.05E+06;2.61E+07;2.32E-01;1.24E+00;5.36E+00;No Fluorophore;Prop-Lys
20.01.2021;126/8 dD2-2 Negative Prop-Lys;79a;10;256;256;31;3.44E+07;6.20E+06;2.05E+07;3.02E-01;1.68E+00;5.55E+00;No Fluorophore;Prop-Lys
20.01.2021;126/8 dD2-2 Negative Prop-Lys;79a;11;256;256;33;2.78E+07;6.01E+06;2.17E+07;2.77E-01;1.28E+00;4.63E+00;No Fluorophore;Prop-Lys
20.01.2021;126/8 dD2-2 Negative Prop-Lys;79a;12;256;256;33;2.62E+07;6.04E+06;1.76E+07;3.43E-01;1.49E+00;4.34E+00;No Fluorophore;Prop-Lys
20.01.2021;126/8 dD2-2 Negative Prop-Lys;79a;13;256;256;34;2.12E+07;3.71E+06;2.13E+07;1.74E-01;9.95E-01;5.71E+00;No Fluorophore;Prop-Lys
20.01.2021;126/8 dD2-2 Negative Prop-Lys;79a;14;256;256;34;1.96E+07;3.78E+06;1.68E+07;2.25E-01;1.17E+00;5.19E+00;No Fluorophore;Prop-Lys
20.01.2021;126/8 dD2-2 Negative Prop-Lys;79a;15;256;256;33;2.38E+07;4.27E+06;2.37E+07;1.80E-01;1.00E+00;5.57E+00;No Fluorophore;Prop-Lys
20.01.2021;126/8 dD2-2 Negative Prop-Lys;79a;16;256;256;33;2.26E+07;4.38E+06;2.01E+07;2.18E-01;1.12E+00;5.16E+00;No Fluorophore;Prop-Lys
20.01.2021;126/8 dD2-2 Negative Prop-Lys;79a;17;256;256;29;3.09E+07;2.90E+06;2.35E+07;1.23E-01;1.31E+00;1.07E+01;No Fluorophore;Prop-Lys
20.01.2021;126/8 dD2-2 Negative Prop-Lys;79a;18;256;256;29;3.01E+07;2.99E+06;1.90E+07;1.57E-01;1.58E+00;1.01E+01;No Fluorophore;Prop-Lys
20.01.2021;126/8 dD2-2 Negative Prop-Lys;79a;19;256;256;33;2.29E+07;2.62E+06;2.58E+07;1.02E-01;8.88E-01;8.74E+00;No Fluorophore;Prop-Lys
20.01.2021;126/8 dD2-2 Negative Prop-Lys;79a;20;256;256;33;2.50E+07;2.74E+06;2.10E+07;1.30E-01;1.19E+00;9.12E+00;No Fluorophore;Prop-Lys
20.01.2021;126/8 dD2-2 Negative Prop-Lys;79a;21;256;256;30;2.11E+07;3.64E+06;2.71E+07;1.34E-01;7.79E-01;5.80E+00;No Fluorophore;Prop-Lys
20.01.2021;126/8 dD2-2 Negative Prop-Lys;79a;22;256;256;30;1.99E+07;3.74E+06;2.11E+07;1.77E-01;9.43E-01;5.32E+00;No Fluorophore;Prop-Lys
20.01.2021;126/8 dD2-2 Negative Prop-Lys;79a;23;256;256;30;2.59E+07;2.97E+06;2.86E+07;1.04E-01;9.06E-01;8.72E+00;No Fluorophore;Prop-Lys
20.01.2021;126/8 dD2-2 Negative Prop-Lys;79a;24;256;256;30;2.57E+07;3.17E+06;2.34E+07;1.35E-01;1.10E+00;8.11E+00;No Fluorophore;Prop-Lys
20.01.2021;126/8 dD2-2 Negative Prop-Lys;79a;25;256;256;31;2.43E+07;3.49E+06;2.19E+07;1.59E-01;1.11E+00;6.96E+00;No Fluorophore;Prop-Lys
20.01.2021;126/8 dD2-2 Negative Prop-Lys;79a;26;256;256;31;2.37E+07;3.59E+06;1.73E+07;2.08E-01;1.37E+00;6.60E+00;No Fluorophore;Prop-Lys
20.01.2021;126/8 dD2-2 Negative Prop-Lys;79a;27;256;256;34;1.77E+07;2.66E+06;2.55E+07;1.04E-01;6.94E-01;6.65E+00;No Fluorophore;Prop-Lys
20.01.2021;126/8 dD2-2 Negative Prop-Lys;79a;28;256;256;34;1.78E+07;2.74E+06;2.07E+07;1.32E-01;8.60E-01;6.50E+00;No Fluorophore;Prop-Lys
20.01.2021;126/8 dD2-2 Negative Prop-Lys;79a;29;256;256;33;2.97E+07;3.62E+06;3.17E+07;1.14E-01;9.37E-01;8.20E+00;No Fluorophore;Prop-Lys
20.01.2021;126/8 dD2-2 Negative Prop-Lys;79a;30;256;256;33;2.80E+07;3.77E+06;2.58E+07;1.46E-01;1.09E+00;7.43E+00;No Fluorophore;Prop-Lys
20.01.2021;126/8 dD2-2 Negative Prop-Lys;79a;31;256;256;28;2.11E+07;2.74E+06;2.22E+07;1.23E-01;9.50E-01;7.70E+00;No Fluorophore;Prop-Lys
20.01.2021;126/8 dD2-2 Negative Prop-Lys;79a;32;256;256;28;1.85E+07;2.79E+06;1.81E+07;1.54E-01;1.02E+00;6.63E+00;No Fluorophore;Prop-Lys
20.01.2021;126/8 dD2-2 Negative Prop-Lys;79a;33;256;256;25;2.43E+07;2.41E+06;1.66E+07;1.45E-01;1.46E+00;1.01E+01;No Fluorophore;Prop-Lys
20.01.2021;126/8 dD2-2 Negative Prop-Lys;79a;34;256;256;25;2.19E+07;2.49E+06;1.37E+07;1.82E-01;1.60E+00;8.80E+00;No Fluorophore;Prop-Lys
20.01.2021;126/8 dD2-2 Negative Prop-Lys;79a;35;256;256;27;2.12E+07;2.31E+06;2.17E+07;1.06E-01;9.77E-01;9.18E+00;No Fluorophore;Prop-Lys
20.01.2021;126/8 dD2-2 Negative Prop-Lys;79a;36;256;256;27;1.95E+07;2.45E+06;1.69E+07;1.45E-01;1.15E+00;7.96E+00;No Fluorophore;Prop-Lys
20.01.2021;126/8 dD2-2 Negative Prop-Lys;79a;37;256;256;28;1.83E+07;3.35E+06;2.64E+07;1.27E-01;6.93E-01;5.46E+00;No Fluorophore;Prop-Lys
20.01.2021;126/8 dD2-2 Negative Prop-Lys;79a;38;256;256;28;1.84E+07;3.57E+06;2.10E+07;1.70E-01;8.76E-01;5.15E+00;No Fluorophore;Prop-Lys
20.01.2021;126/8 dD2-2 Negative Prop-Lys;79a;39;256;256;31;2.43E+07;3.94E+06;3.11E+07;1.27E-01;7.81E-01;6.17E+00;No Fluorophore;Prop-Lys
20.01.2021;126/8 dD2-2 Negative Prop-Lys;79a;40;256;256;31;2.58E+07;4.09E+06;2.50E+07;1.64E-01;1.03E+00;6.31E+00;No Fluorophore;Prop-Lys
20.01.2021;126/8 dD2-2 Negative Prop-Lys;79a;41;256;256;34;2.59E+07;6.57E+06;3.10E+07;2.12E-01;8.35E-01;3.94E+00;No Fluorophore;Prop-Lys
20.01.2021;126/8 dD2-2 Negative Prop-Lys;79a;42;256;256;34;2.62E+07;6.51E+06;2.47E+07;2.64E-01;1.06E+00;4.02E+00;No Fluorophore;Prop-Lys
20.01.2021;126/8 dD2-2 Negative Phe-Az;79b;3;256;256;29;3.44E+07;4.73E+06;1.41E+07;3.35E-01;2.44E+00;7.27E+00;No Fluorophore;Phe-Az
20.01.2021;126/8 dD2-2 Negative Phe-Az;79b;4;256;256;29;3.16E+07;4.84E+06;1.11E+07;4.36E-01;2.85E+00;6.53E+00;No Fluorophore;Phe-Az
20.01.2021;126/8 dD2-2 Negative Phe-Az;79b;5;256;256;31;3.00E+07;3.95E+06;1.09E+07;3.62E-01;2.75E+00;7.59E+00;No Fluorophore;Phe-Az
20.01.2021;126/8 dD2-2 Negative Phe-Az;79b;6;256;256;31;3.15E+07;4.12E+06;9.15E+06;4.50E-01;3.44E+00;7.65E+00;No Fluorophore;Phe-Az
20.01.2021;126/8 dD2-2 Negative Phe-Az;79b;7;256;256;28;4.12E+07;4.53E+06;1.17E+07;3.87E-01;3.52E+00;9.09E+00;No Fluorophore;Phe-Az
20.01.2021;126/8 dD2-2 Negative Phe-Az;79b;8;256;256;28;3.45E+07;4.69E+06;9.79E+06;4.79E-01;3.52E+00;7.36E+00;No Fluorophore;Phe-Az
20.01.2021;126/8 dD2-2 Negative Phe-Az;79b;9;256;256;30;4.48E+07;7.24E+06;1.76E+07;4.11E-01;2.55E+00;6.19E+00;No Fluorophore;Phe-Az
20.01.2021;126/8 dD2-2 Negative Phe-Az;79b;10;256;256;30;4.19E+07;7.38E+06;1.41E+07;5.23E-01;2.97E+00;5.68E+00;No Fluorophore;Phe-Az
20.01.2021;126/8 dD2-2 Negative Phe-Az;79b;11;256;256;28;2.88E+07;6.08E+06;1.76E+07;3.45E-01;1.64E+00;4.74E+00;No Fluorophore;Phe-Az
20.01.2021;126/8 dD2-2 Negative Phe-Az;79b;12;256;256;28;2.56E+07;6.21E+06;1.41E+07;4.40E-01;1.82E+00;4.12E+00;No Fluorophore;Phe-Az
20.01.2021;126/8 dD2-2 Negative Phe-Az;79b;13;256;256;33;2.48E+07;3.84E+06;1.26E+07;3.05E-01;1.97E+00;6.46E+00;No Fluorophore;Phe-Az
20.01.2021;126/8 dD2-2 Negative Phe-Az;79b;14;256;256;33;2.66E+07;3.98E+06;1.03E+07;3.86E-01;2.58E+00;6.68E+00;No Fluorophore;Phe-Az
20.01.2021;126/8 dD2-2 Negative Phe-Az;79b;15;256;256;33;3.06E+07;4.14E+06;1.65E+07;2.51E-01;1.85E+00;7.39E+00;No Fluorophore;Phe-Az
20.01.2021;126/8 dD2-2 Negative Phe-Az;79b;16;256;256;33;2.99E+07;4.17E+06;1.36E+07;3.07E-01;2.20E+00;7.17E+00;No Fluorophore;Phe-Az
20.01.2021;126/8 dD2-2 Negative Phe-Az;79b;17;256;256;32;2.55E+07;3.71E+06;1.22E+07;3.04E-01;2.09E+00;6.87E+00;No Fluorophore;Phe-Az
20.01.2021;126/8 dD2-2 Negative Phe-Az;79b;18;256;256;32;2.65E+07;3.87E+06;1.02E+07;3.79E-01;2.60E+00;6.85E+00;No Fluorophore;Phe-Az
20.01.2021;126/8 dD2-2 Negative Phe-Az;79b;19;256;256;24;2.43E+07;2.53E+06;9.65E+06;2.62E-01;2.52E+00;9.60E+00;No Fluorophore;Phe-Az
20.01.2021;126/8 dD2-2 Negative Phe-Az;79b;20;256;256;24;2.49E+07;2.55E+06;8.54E+06;2.99E-01;2.92E+00;9.76E+00;No Fluorophore;Phe-Az
20.01.2021;126/8 dD2-2 Negative Phe-Az;79b;21;256;256;30;4.30E+07;2.51E+06;1.02E+07;2.46E-01;4.22E+00;1.71E+01;No Fluorophore;Phe-Az
20.01.2021;126/8 dD2-2 Negative Phe-Az;79b;22;256;256;30;3.99E+07;2.57E+06;8.55E+06;3.01E-01;4.67E+00;1.55E+01;No Fluorophore;Phe-Az
20.01.2021;126/8 dD2-2 Negative Phe-Az;79b;23;256;256;29;8.67E+07;2.73E+06;1.17E+07;2.33E-01;7.41E+00;3.18E+01;No Fluorophore;Phe-Az
20.01.2021;126/8 dD2-2 Negative Phe-Az;79b;24;256;256;29;8.09E+07;2.73E+06;9.90E+06;2.76E-01;8.17E+00;2.96E+01;No Fluorophore;Phe-Az
20.01.2021;126/8 dD2-2 Negative Phe-Az;79b;25;256;256;29;1.29E+08;2.86E+06;1.26E+07;2.27E-01;1.02E+01;4.51E+01;No Fluorophore;Phe-Az
20.01.2021;126/8 dD2-2 Negative Phe-Az;79b;26;256;256;29;1.25E+08;2.92E+06;1.01E+07;2.89E-01;1.24E+01;4.28E+01;No Fluorophore;Phe-Az
20.01.2021;126/8 dD2-2 Negative Phe-Az;79b;27;256;256;29;1.17E+08;4.15E+06;1.22E+07;3.40E-01;9.59E+00;2.82E+01;No Fluorophore;Phe-Az
20.01.2021;126/8 dD2-2 Negative Phe-Az;79b;28;256;256;29;1.10E+08;4.21E+06;1.04E+07;4.05E-01;1.06E+01;2.61E+01;No Fluorophore;Phe-Az
20.01.2021;126/8 dD2-2 Negative Phe-Az;79b;29;256;256;26;6.17E+07;6.01E+06;1.55E+07;3.88E-01;3.98E+00;1.03E+01;No Fluorophore;Phe-Az
20.01.2021;126/8 dD2-2 Negative Phe-Az;79b;30;256;256;26;5.65E+07;6.03E+06;1.25E+07;4.82E-01;4.52E+00;9.37E+00;No Fluorophore;Phe-Az
20.01.2021;126/8 dD2-2 Negative Phe-Az;79b;31;256;256;28;6.95E+07;5.35E+06;1.86E+07;2.88E-01;3.74E+00;1.30E+01;No Fluorophore;Phe-Az
20.01.2021;126/8 dD2-2 Negative Phe-Az;79b;32;256;256;28;6.53E+07;5.58E+06;1.53E+07;3.65E-01;4.27E+00;1.17E+01;No Fluorophore;Phe-Az
20.01.2021;126/8 dD2-2 Negative Phe-Az;79b;33;256;256;25;3.41E+07;3.04E+06;1.53E+07;1.99E-01;2.23E+00;1.12E+01;No Fluorophore;Phe-Az
20.01.2021;126/8 dD2-2 Negative Phe-Az;79b;34;256;256;25;3.67E+07;3.19E+06;1.24E+07;2.57E-01;2.96E+00;1.15E+01;No Fluorophore;Phe-Az
20.01.2021;126/8 dD2-2 Negative Phe-Az;79b;35;256;256;24;3.29E+07;2.89E+06;1.14E+07;2.54E-01;2.89E+00;1.14E+01;No Fluorophore;Phe-Az
20.01.2021;126/8 dD2-2 Negative Phe-Az;79b;36;256;256;24;2.84E+07;2.97E+06;9.43E+06;3.15E-01;3.01E+00;9.56E+00;No Fluorophore;Phe-Az
20.01.2021;126/8 dD2-2 Negative Phe-Az;79b;37;256;256;30;3.60E+07;4.23E+06;1.10E+07;3.85E-01;3.27E+00;8.51E+00;No Fluorophore;Phe-Az
20.01.2021;126/8 dD2-2 Negative Phe-Az;79b;38;256;256;30;3.49E+07;4.18E+06;9.40E+06;4.45E-01;3.71E+00;8.35E+00;No Fluorophore;Phe-Az
20.01.2021;126/8 dD2-2 Negative Phe-Az;79b;39;256;256;26;5.66E+07;6.06E+06;2.13E+07;2.85E-01;2.66E+00;9.34E+00;No Fluorophore;Phe-Az
20.01.2021;126/8 dD2-2 Negative Phe-Az;79b;40;256;256;26;5.04E+07;6.20E+06;1.73E+07;3.58E-01;2.91E+00;8.13E+00;No Fluorophore;Phe-Az
20.01.2021;126/8 dD2-2 Negative Phe-Az;79b;41;256;256;30;6.38E+07;2.86E+06;1.21E+07;2.36E-01;5.27E+00;2.23E+01;No Fluorophore;Phe-Az
20.01.2021;126/8 dD2-2 Negative Phe-Az;79b;42;256;256;30;5.43E+07;2.98E+06;9.52E+06;3.13E-01;5.70E+00;1.82E+01;No Fluorophore;Phe-Az
20.01.2021;126/8 dD2-2 A488+A405 Control;80a;3;256;256;34;2.27E+07;3.55E+06;1.96E+07;1.81E-01;1.16E+00;6.39E+00;A488+A405;No Feed
20.01.2021;126/8 dD2-2 A488+A405 Control;80a;4;256;256;34;2.24E+07;3.57E+06;1.57E+07;2.27E-01;1.43E+00;6.27E+00;A488+A405;No Feed
20.01.2021;126/8 dD2-2 A488+A405 Control;80a;5;256;256;32;2.81E+07;6.01E+06;3.03E+07;1.98E-01;9.27E-01;4.68E+00;A488+A405;No Feed
20.01.2021;126/8 dD2-2 A488+A405 Control;80a;6;256;256;32;2.51E+07;5.95E+06;2.53E+07;2.35E-01;9.92E-01;4.22E+00;A488+A405;No Feed
20.01.2021;126/8 dD2-2 A488+A405 Control;80a;7;256;256;29;4.09E+07;6.56E+06;2.43E+07;2.70E-01;1.68E+00;6.23E+00;A488+A405;No Feed
20.01.2021;126/8 dD2-2 A488+A405 Control;80a;8;256;256;29;4.00E+07;6.89E+06;2.08E+07;3.31E-01;1.92E+00;5.81E+00;A488+A405;No Feed
20.01.2021;126/8 dD2-2 A488+A405 Control;80a;9;256;256;29;2.67E+07;3.75E+06;3.08E+07;1.22E-01;8.67E-01;7.12E+00;A488+A405;No Feed
20.01.2021;126/8 dD2-2 A488+A405 Control;80a;10;256;256;29;2.74E+07;4.04E+06;2.56E+07;1.58E-01;1.07E+00;6.78E+00;A488+A405;No Feed
20.01.2021;126/8 dD2-2 A488+A405 Control;80a;11;256;256;33;2.03E+07;2.92E+06;2.74E+07;1.07E-01;7.41E-01;6.95E+00;A488+A405;No Feed
20.01.2021;126/8 dD2-2 A488+A405 Control;80a;12;256;256;33;2.01E+07;3.11E+06;2.29E+07;1.36E-01;8.78E-01;6.46E+00;A488+A405;No Feed
20.01.2021;126/8 dD2-2 A488+A405 Control;80a;13;256;256;31;2.86E+07;3.55E+06;1.93E+07;1.84E-01;1.48E+00;8.06E+00;A488+A405;No Feed
20.01.2021;126/8 dD2-2 A488+A405 Control;80a;14;256;256;31;2.74E+07;3.68E+06;3.68E+06;1.00E+00;7.45E+00;7.45E+00;A488+A405;No Feed
20.01.2021;126/8 dD2-2 A488+A405 Control;80a;15;256;256;30;2.75E+07;4.43E+06;2.55E+07;1.74E-01;1.08E+00;6.21E+00;A488+A405;No Feed
20.01.2021;126/8 dD2-2 A488+A405 Control;80a;16;256;256;30;2.68E+07;4.67E+06;2.09E+07;2.23E-01;1.28E+00;5.74E+00;A488+A405;No Feed
20.01.2021;126/8 dD2-2 A488+A405 Control;80a;17;256;256;28;3.28E+07;3.36E+06;3.00E+07;1.12E-01;1.09E+00;9.76E+00;A488+A405;No Feed
20.01.2021;126/8 dD2-2 A488+A405 Control;80a;18;256;256;28;3.34E+07;3.50E+06;2.48E+07;1.41E-01;1.35E+00;9.54E+00;A488+A405;No Feed
20.01.2021;126/8 dD2-2 A488+A405 Control;80a;19;256;256;27;1.74E+07;4.13E+06;3.32E+07;1.24E-01;5.24E-01;4.21E+00;A488+A405;No Feed
20.01.2021;126/8 dD2-2 A488+A405 Control;80a;20;256;256;27;1.79E+07;4.32E+06;2.76E+07;1.57E-01;6.49E-01;4.14E+00;A488+A405;No Feed
20.01.2021;126/8 dD2-2 A488+A405 Control;80a;21;256;256;31;3.68E+07;8.03E+06;3.49E+07;2.30E-01;1.05E+00;4.58E+00;A488+A405;No Feed
20.01.2021;126/8 dD2-2 A488+A405 Control;80a;22;256;256;31;3.54E+07;8.42E+06;2.67E+07;3.15E-01;1.33E+00;4.20E+00;A488+A405;No Feed
20.01.2021;126/8 dD2-2 A488+A405 Control;80a;23;256;256;26;2.67E+07;5.33E+06;1.95E+07;2.73E-01;1.37E+00;5.01E+00;A488+A405;No Feed
20.01.2021;126/8 dD2-2 A488+A405 Control;80a;24;256;256;26;2.56E+07;5.63E+06;1.61E+07;3.50E-01;1.59E+00;4.55E+00;A488+A405;No Feed
20.01.2021;126/8 dD2-2 A488+A405 Control;80a;25;256;256;29;2.25E+07;3.44E+06;2.54E+07;1.35E-01;8.86E-01;6.54E+00;A488+A405;No Feed
20.01.2021;126/8 dD2-2 A488+A405 Control;80a;26;256;256;29;1.70E+07;3.65E+06;2.04E+07;1.79E-01;8.33E-01;4.66E+00;A488+A405;No Feed
20.01.2021;126/8 dD2-2 A488+A405 Control;80a;27;256;256;29;2.12E+07;3.99E+06;2.60E+07;1.53E-01;8.15E-01;5.31E+00;A488+A405;No Feed
20.01.2021;126/8 dD2-2 A488+A405 Control;80a;28;256;256;29;1.92E+07;4.19E+06;2.15E+07;1.95E-01;8.93E-01;4.58E+00;A488+A405;No Feed
20.01.2021;126/8 dD2-2 A488+A405 Control;80a;29;256;256;32;3.77E+07;3.74E+06;3.20E+07;1.17E-01;1.18E+00;1.01E+01;A488+A405;No Feed
20.01.2021;126/8 dD2-2 A488+A405 Control;80a;30;256;256;32;3.71E+07;3.88E+06;2.54E+07;1.53E-01;1.46E+00;9.56E+00;A488+A405;No Feed
20.01.2021;126/8 dD2-2 A488+A405 Control;80a;31;256;256;28;1.88E+07;3.60E+06;2.43E+07;1.48E-01;7.74E-01;5.22E+00;A488+A405;No Feed
20.01.2021;126/8 dD2-2 A488+A405 Control;80a;32;256;256;28;1.90E+07;3.77E+06;1.98E+07;1.90E-01;9.60E-01;5.04E+00;A488+A405;No Feed
20.01.2021;126/8 dD2-2 A488+A405 Control;80a;33;256;256;32;2.40E+07;5.25E+06;3.17E+07;1.66E-01;7.57E-01;4.57E+00;A488+A405;No Feed
20.01.2021;126/8 dD2-2 A488+A405 Control;80a;34;256;256;32;2.29E+07;5.61E+06;2.58E+07;2.17E-01;8.88E-01;4.08E+00;A488+A405;No Feed
20.01.2021;126/8 dD2-2 A488+A405 Control;80a;35;256;256;30;2.42E+07;3.72E+06;3.09E+07;1.20E-01;7.83E-01;6.51E+00;A488+A405;No Feed
20.01.2021;126/8 dD2-2 A488+A405 Control;80a;36;256;256;30;2.40E+07;3.79E+06;2.64E+07;1.44E-01;9.09E-01;6.33E+00;A488+A405;No Feed
20.01.2021;126/8 dD2-2 A488+A405 Control;80a;37;256;256;27;1.73E+07;3.80E+06;1.80E+07;2.11E-01;9.61E-01;4.55E+00;A488+A405;No Feed
20.01.2021;126/8 dD2-2 A488+A405 Control;80a;38;256;256;27;1.41E+07;3.87E+06;1.47E+07;2.63E-01;9.59E-01;3.64E+00;A488+A405;No Feed
20.01.2021;126/8 dD2-2 A488+A405 Control;80a;39;256;256;32;2.24E+07;5.91E+06;3.56E+07;1.66E-01;6.29E-01;3.79E+00;A488+A405;No Feed
20.01.2021;126/8 dD2-2 A488+A405 Control;80a;40;256;256;32;2.09E+07;6.22E+06;2.83E+07;2.20E-01;7.39E-01;3.36E+00;A488+A405;No Feed
20.01.2021;126/8 dD2-2 A488+A405 Control;80a;41;256;256;29;2.04E+07;3.65E+06;2.91E+07;1.25E-01;7.01E-01;5.59E+00;A488+A405;No Feed
20.01.2021;126/8 dD2-2 A488+A405 Control;80a;42;256;256;29;2.20E+07;3.76E+06;2.26E+07;1.66E-01;9.73E-01;5.85E+00;A488+A405;No Feed
20.01.2021;126/8 dD2-2 A488+A405 Prop-Tyr;80b;3;256;256;26;4.47E+07;7.20E+06;2.12E+07;3.40E-01;2.11E+00;6.21E+00;A488+A405;Prop-Tyr
20.01.2021;126/8 dD2-2 A488+A405 Prop-Tyr;80b;4;256;256;26;4.22E+07;6.95E+06;1.69E+07;4.11E-01;2.50E+00;6.07E+00;A488+A405;Prop-Tyr
20.01.2021;126/8 dD2-2 A488+A405 Prop-Tyr;80b;5;256;256;29;4.48E+07;8.19E+06;2.49E+07;3.29E-01;1.80E+00;5.47E+00;A488+A405;Prop-Tyr
20.01.2021;126/8 dD2-2 A488+A405 Prop-Tyr;80b;6;256;256;29;4.16E+07;7.98E+06;1.85E+07;4.31E-01;2.25E+00;5.21E+00;A488+A405;Prop-Tyr
20.01.2021;126/8 dD2-2 A488+A405 Prop-Tyr;80b;7;256;256;30;4.24E+07;7.55E+06;2.31E+07;3.27E-01;1.84E+00;5.62E+00;A488+A405;Prop-Tyr
20.01.2021;126/8 dD2-2 A488+A405 Prop-Tyr;80b;8;256;256;30;4.19E+07;7.31E+06;1.77E+07;4.13E-01;2.37E+00;5.73E+00;A488+A405;Prop-Tyr
20.01.2021;126/8 dD2-2 A488+A405 Prop-Tyr;80b;9;256;256;28;2.59E+07;4.45E+06;1.23E+07;3.62E-01;2.11E+00;5.82E+00;A488+A405;Prop-Tyr
20.01.2021;126/8 dD2-2 A488+A405 Prop-Tyr;80b;10;256;256;28;2.36E+07;4.32E+06;9.33E+06;4.63E-01;2.53E+00;5.46E+00;A488+A405;Prop-Tyr
20.01.2021;126/8 dD2-2 A488+A405 Prop-Tyr;80b;11;256;256;28;3.91E+07;7.15E+06;2.47E+07;2.89E-01;1.58E+00;5.47E+00;A488+A405;Prop-Tyr
20.01.2021;126/8 dD2-2 A488+A405 Prop-Tyr;80b;12;256;256;28;3.25E+07;6.82E+06;1.90E+07;3.59E-01;1.71E+00;4.77E+00;A488+A405;Prop-Tyr
20.01.2021;126/8 dD2-2 A488+A405 Prop-Tyr;80b;13;256;256;25;4.33E+07;6.13E+06;2.84E+07;2.16E-01;1.52E+00;7.06E+00;A488+A405;Prop-Tyr
20.01.2021;126/8 dD2-2 A488+A405 Prop-Tyr;80b;14;256;256;25;4.05E+07;5.87E+06;2.15E+07;2.73E-01;1.88E+00;6.90E+00;A488+A405;Prop-Tyr
20.01.2021;126/8 dD2-2 A488+A405 Prop-Tyr;80b;15;256;256;31;4.26E+07;9.51E+06;2.14E+07;4.44E-01;1.99E+00;4.48E+00;A488+A405;Prop-Tyr
20.01.2021;126/8 dD2-2 A488+A405 Prop-Tyr;80b;16;256;256;31;3.98E+07;9.15E+06;1.77E+07;5.17E-01;2.25E+00;4.35E+00;A488+A405;Prop-Tyr
20.01.2021;126/8 dD2-2 A488+A405 Prop-Tyr;80b;17;256;256;31;6.39E+07;8.64E+06;2.26E+07;3.82E-01;2.83E+00;7.40E+00;A488+A405;Prop-Tyr
20.01.2021;126/8 dD2-2 A488+A405 Prop-Tyr;80b;18;256;256;31;5.92E+07;8.15E+06;1.79E+07;4.55E-01;3.31E+00;7.26E+00;A488+A405;Prop-Tyr
20.01.2021;126/8 dD2-2 A488+A405 Prop-Tyr;80b;19;256;256;31;4.68E+07;6.60E+06;2.22E+07;2.97E-01;2.11E+00;7.09E+00;A488+A405;Prop-Tyr
20.01.2021;126/8 dD2-2 A488+A405 Prop-Tyr;80b;20;256;256;31;4.37E+07;6.34E+06;1.76E+07;3.60E-01;2.48E+00;6.89E+00;A488+A405;Prop-Tyr
20.01.2021;126/8 dD2-2 A488+A405 Prop-Tyr;80b;21;256;256;26;3.09E+07;5.82E+06;1.44E+07;4.04E-01;2.15E+00;5.31E+00;A488+A405;Prop-Tyr
20.01.2021;126/8 dD2-2 A488+A405 Prop-Tyr;80b;22;256;256;26;2.78E+07;5.53E+06;1.11E+07;4.98E-01;2.50E+00;5.03E+00;A488+A405;Prop-Tyr
20.01.2021;126/8 dD2-2 A488+A405 Prop-Tyr;80b;23;256;256;29;5.11E+07;7.83E+06;2.35E+07;3.33E-01;2.17E+00;6.53E+00;A488+A405;Prop-Tyr
20.01.2021;126/8 dD2-2 A488+A405 Prop-Tyr;80b;24;256;256;29;4.75E+07;7.41E+06;1.84E+07;4.03E-01;2.58E+00;6.41E+00;A488+A405;Prop-Tyr
20.01.2021;126/8 dD2-2 A488+A405 Prop-Tyr;80b;25;256;256;30;4.98E+07;7.76E+06;2.23E+07;3.48E-01;2.23E+00;6.42E+00;A488+A405;Prop-Tyr
20.01.2021;126/8 dD2-2 A488+A405 Prop-Tyr;80b;26;256;256;30;4.83E+07;7.46E+06;1.76E+07;4.24E-01;2.74E+00;6.47E+00;A488+A405;Prop-Tyr
20.01.2021;126/8 dD2-2 A488+A405 Prop-Tyr;80b;27;256;256;30;5.39E+07;7.02E+06;2.10E+07;3.34E-01;2.57E+00;7.68E+00;A488+A405;Prop-Tyr
20.01.2021;126/8 dD2-2 A488+A405 Prop-Tyr;80b;28;256;256;30;4.83E+07;6.78E+06;1.70E+07;3.99E-01;2.84E+00;7.12E+00;A488+A405;Prop-Tyr
20.01.2021;126/8 dD2-2 A488+A405 Prop-Tyr;80b;29;256;256;29;4.67E+07;7.26E+06;2.29E+07;3.17E-01;2.04E+00;6.43E+00;A488+A405;Prop-Tyr
20.01.2021;126/8 dD2-2 A488+A405 Prop-Tyr;80b;30;256;256;29;4.61E+07;6.95E+06;1.76E+07;3.95E-01;2.62E+00;6.63E+00;A488+A405;Prop-Tyr
20.01.2021;126/8 dD2-2 A488+A405 Prop-Tyr;80b;31;256;256;29;4.98E+07;8.46E+06;2.72E+07;3.11E-01;1.83E+00;5.89E+00;A488+A405;Prop-Tyr
20.01.2021;126/8 dD2-2 A488+A405 Prop-Tyr;80b;32;256;256;29;4.78E+07;8.11E+06;2.06E+07;3.94E-01;2.32E+00;5.89E+00;A488+A405;Prop-Tyr
20.01.2021;126/8 dD2-2 A488+A405 Prop-Tyr;80b;33;256;256;30;3.75E+07;7.78E+06;2.38E+07;3.27E-01;1.58E+00;4.82E+00;A488+A405;Prop-Tyr
20.01.2021;126/8 dD2-2 A488+A405 Prop-Tyr;80b;34;256;256;30;3.69E+07;7.15E+06;1.86E+07;3.84E-01;1.98E+00;5.16E+00;A488+A405;Prop-Tyr
20.01.2021;126/8 dD2-2 A488+A405 Prop-Tyr;80b;35;256;256;33;4.02E+07;8.24E+06;2.09E+07;3.94E-01;1.92E+00;4.88E+00;A488+A405;Prop-Tyr
20.01.2021;126/8 dD2-2 A488+A405 Prop-Tyr;80b;36;256;256;33;3.89E+07;7.95E+06;1.64E+07;4.85E-01;2.37E+00;4.89E+00;A488+A405;Prop-Tyr
20.01.2021;126/8 dD2-2 A488+A405 Prop-Tyr;80b;37;256;256;28;5.38E+07;7.73E+06;1.85E+07;4.18E-01;2.91E+00;6.96E+00;A488+A405;Prop-Tyr
20.01.2021;126/8 dD2-2 A488+A405 Prop-Tyr;80b;38;256;256;28;4.92E+07;7.31E+06;1.48E+07;4.94E-01;3.32E+00;6.73E+00;A488+A405;Prop-Tyr
20.01.2021;126/8 dD2-2 A488+A405 Prop-Tyr;80b;39;256;256;28;3.81E+07;6.35E+06;2.10E+07;3.02E-01;1.81E+00;6.00E+00;A488+A405;Prop-Tyr
20.01.2021;126/8 dD2-2 A488+A405 Prop-Tyr;80b;40;256;256;28;3.49E+07;6.05E+06;1.56E+07;3.88E-01;2.24E+00;5.77E+00;A488+A405;Prop-Tyr
20.01.2021;126/8 dD2-2 A488+A405 Prop-Tyr;80b;41;256;256;33;5.29E+07;9.91E+06;2.06E+07;4.81E-01;2.57E+00;5.34E+00;A488+A405;Prop-Tyr
20.01.2021;126/8 dD2-2 A488+A405 Prop-Tyr;80b;42;256;256;33;4.99E+07;9.65E+06;1.52E+07;6.35E-01;3.28E+00;5.17E+00;A488+A405;Prop-Tyr
20.01.2021;126/8 dD2-2 A488+A405 Prop-Lys;81a;3;256;256;29;7.69E+07;6.03E+06;1.99E+07;3.03E-01;3.86E+00;1.28E+01;A488+A405;Prop-Lys
20.01.2021;126/8 dD2-2 A488+A405 Prop-Lys;81a;4;256;256;29;7.28E+07;5.79E+06;1.64E+07;3.53E-01;4.44E+00;1.26E+01;A488+A405;Prop-Lys
20.01.2021;126/8 dD2-2 A488+A405 Prop-Lys;81a;5;256;256;29;7.10E+07;7.04E+06;2.46E+07;2.86E-01;2.89E+00;1.01E+01;A488+A405;Prop-Lys
20.01.2021;126/8 dD2-2 A488+A405 Prop-Lys;81a;6;256;256;29;6.68E+07;6.89E+06;1.98E+07;3.48E-01;3.37E+00;9.70E+00;A488+A405;Prop-Lys
20.01.2021;126/8 dD2-2 A488+A405 Prop-Lys;81a;7;256;256;34;8.37E+07;1.00E+07;2.71E+07;3.69E-01;3.09E+00;8.37E+00;A488+A405;Prop-Lys
20.01.2021;126/8 dD2-2 A488+A405 Prop-Lys;81a;8;256;256;34;7.97E+07;9.83E+06;2.11E+07;4.66E-01;3.78E+00;8.11E+00;A488+A405;Prop-Lys
20.01.2021;126/8 dD2-2 A488+A405 Prop-Lys;81a;9;256;256;25;5.92E+07;6.83E+06;2.25E+07;3.04E-01;2.63E+00;8.67E+00;A488+A405;Prop-Lys
20.01.2021;126/8 dD2-2 A488+A405 Prop-Lys;81a;10;256;256;25;5.97E+07;6.72E+06;1.87E+07;3.59E-01;3.19E+00;8.88E+00;A488+A405;Prop-Lys
20.01.2021;126/8 dD2-2 A488+A405 Prop-Lys;81a;11;256;256;28;6.03E+07;7.73E+06;2.33E+07;3.32E-01;2.59E+00;7.80E+00;A488+A405;Prop-Lys
20.01.2021;126/8 dD2-2 A488+A405 Prop-Lys;81a;12;256;256;28;5.78E+07;7.49E+06;1.87E+07;4.01E-01;3.09E+00;7.72E+00;A488+A405;Prop-Lys
20.01.2021;126/8 dD2-2 A488+A405 Prop-Lys;81a;13;256;256;29;7.59E+07;6.78E+06;2.13E+07;3.18E-01;3.56E+00;1.12E+01;A488+A405;Prop-Lys
20.01.2021;126/8 dD2-2 A488+A405 Prop-Lys;81a;14;256;256;29;7.45E+07;6.68E+06;1.82E+07;3.67E-01;4.09E+00;1.12E+01;A488+A405;Prop-Lys
20.01.2021;126/8 dD2-2 A488+A405 Prop-Lys;81a;15;256;256;28;7.34E+07;9.85E+06;2.01E+07;4.90E-01;3.65E+00;7.45E+00;A488+A405;Prop-Lys
20.01.2021;126/8 dD2-2 A488+A405 Prop-Lys;81a;16;256;256;28;7.04E+07;9.54E+06;1.55E+07;6.15E-01;4.54E+00;7.38E+00;A488+A405;Prop-Lys
20.01.2021;126/8 dD2-2 A488+A405 Prop-Lys;81a;17;256;256;25;7.63E+07;6.02E+06;2.08E+07;2.89E-01;3.67E+00;1.27E+01;A488+A405;Prop-Lys
20.01.2021;126/8 dD2-2 A488+A405 Prop-Lys;81a;18;256;256;25;7.34E+07;5.71E+06;1.68E+07;3.40E-01;4.37E+00;1.29E+01;A488+A405;Prop-Lys
20.01.2021;126/8 dD2-2 A488+A405 Prop-Lys;81a;19;256;256;30;8.50E+07;1.02E+07;2.65E+07;3.85E-01;3.21E+00;8.33E+00;A488+A405;Prop-Lys
20.01.2021;126/8 dD2-2 A488+A405 Prop-Lys;81a;20;256;256;30;8.19E+07;9.82E+06;2.18E+07;4.50E-01;3.76E+00;8.34E+00;A488+A405;Prop-Lys
20.01.2021;126/8 dD2-2 A488+A405 Prop-Lys;81a;21;256;256;31;7.08E+07;7.19E+06;2.26E+07;3.18E-01;3.13E+00;9.85E+00;A488+A405;Prop-Lys
20.01.2021;126/8 dD2-2 A488+A405 Prop-Lys;81a;22;256;256;31;6.99E+07;6.97E+06;1.81E+07;3.85E-01;3.86E+00;1.00E+01;A488+A405;Prop-Lys
20.01.2021;126/8 dD2-2 A488+A405 Prop-Lys;81a;23;256;256;27;6.58E+07;6.72E+06;1.99E+07;3.38E-01;3.31E+00;9.79E+00;A488+A405;Prop-Lys
20.01.2021;126/8 dD2-2 A488+A405 Prop-Lys;81a;24;256;256;27;6.43E+07;6.51E+06;1.57E+07;4.15E-01;4.10E+00;9.88E+00;A488+A405;Prop-Lys
20.01.2021;126/8 dD2-2 A488+A405 Prop-Lys;81a;25;256;256;31;6.99E+07;7.98E+06;1.98E+07;4.03E-01;3.53E+00;8.76E+00;A488+A405;Prop-Lys
20.01.2021;126/8 dD2-2 A488+A405 Prop-Lys;81a;26;256;256;31;6.67E+07;7.75E+06;1.61E+07;4.81E-01;4.14E+00;8.61E+00;A488+A405;Prop-Lys
20.01.2021;126/8 dD2-2 A488+A405 Prop-Lys;81a;27;256;256;27;5.86E+07;7.97E+06;1.71E+07;4.66E-01;3.43E+00;7.35E+00;A488+A405;Prop-Lys
20.01.2021;126/8 dD2-2 A488+A405 Prop-Lys;81a;28;256;256;27;5.53E+07;7.79E+06;1.42E+07;5.49E-01;3.89E+00;7.10E+00;A488+A405;Prop-Lys
20.01.2021;126/8 dD2-2 A488+A405 Prop-Lys;81a;29;256;256;31;8.19E+07;9.49E+06;2.18E+07;4.35E-01;3.76E+00;8.63E+00;A488+A405;Prop-Lys
20.01.2021;126/8 dD2-2 A488+A405 Prop-Lys;81a;30;256;256;31;7.91E+07;9.15E+06;1.68E+07;5.45E-01;4.71E+00;8.64E+00;A488+A405;Prop-Lys
20.01.2021;126/8 dD2-2 A488+A405 Prop-Lys;81a;31;256;256;29;5.68E+07;6.56E+06;1.99E+07;3.30E-01;2.85E+00;8.66E+00;A488+A405;Prop-Lys
20.01.2021;126/8 dD2-2 A488+A405 Prop-Lys;81a;32;256;256;29;5.45E+07;6.38E+06;1.63E+07;3.91E-01;3.34E+00;8.54E+00;A488+A405;Prop-Lys
20.01.2021;126/8 dD2-2 A488+A405 Prop-Lys;81a;33;256;256;30;8.19E+07;1.06E+07;2.19E+07;4.84E-01;3.74E+00;7.73E+00;A488+A405;Prop-Lys
20.01.2021;126/8 dD2-2 A488+A405 Prop-Lys;81a;34;256;256;30;8.00E+07;1.04E+07;1.77E+07;5.88E-01;4.52E+00;7.69E+00;A488+A405;Prop-Lys
20.01.2021;126/8 dD2-2 A488+A405 Prop-Lys;81a;35;256;256;26;6.18E+07;8.32E+06;2.09E+07;3.98E-01;2.96E+00;7.43E+00;A488+A405;Prop-Lys
20.01.2021;126/8 dD2-2 A488+A405 Prop-Lys;81a;36;256;256;26;6.02E+07;8.11E+06;1.75E+07;4.63E-01;3.44E+00;7.42E+00;A488+A405;Prop-Lys
20.01.2021;126/8 dD2-2 A488+A405 Prop-Lys;81a;37;256;256;34;6.44E+07;7.48E+06;2.67E+07;2.80E-01;2.41E+00;8.61E+00;A488+A405;Prop-Lys
20.01.2021;126/8 dD2-2 A488+A405 Prop-Lys;81a;38;256;256;34;6.63E+07;7.15E+06;2.09E+07;3.42E-01;3.17E+00;9.27E+00;A488+A405;Prop-Lys
20.01.2021;126/8 dD2-2 A488+A405 Prop-Lys;81a;39;256;256;32;6.87E+07;8.96E+06;2.66E+07;3.37E-01;2.58E+00;7.67E+00;A488+A405;Prop-Lys
20.01.2021;126/8 dD2-2 A488+A405 Prop-Lys;81a;40;256;256;32;6.59E+07;8.67E+06;2.12E+07;4.09E-01;3.11E+00;7.60E+00;A488+A405;Prop-Lys
20.01.2021;126/8 dD2-2 A488+A405 Prop-Lys;81a;41;256;256;27;5.46E+07;6.36E+06;2.02E+07;3.15E-01;2.70E+00;8.58E+00;A488+A405;Prop-Lys
20.01.2021;126/8 dD2-2 A488+A405 Prop-Lys;81a;42;256;256;27;5.43E+07;6.22E+06;1.67E+07;3.72E-01;3.25E+00;8.73E+00;A488+A405;Prop-Lys
20.01.2021;126/8 dD2-2 A488+A405 Phe-Az;81b;3;256;256;31;1.82E+07;3.67E+06;1.14E+07;3.22E-01;1.60E+00;4.96E+00;A488+A405;Phe-Az
20.01.2021;126/8 dD2-2 A488+A405 Phe-Az;81b;4;256;256;31;1.92E+07;3.83E+06;9.54E+06;4.01E-01;2.01E+00;5.01E+00;A488+A405;Phe-Az
20.01.2021;126/8 dD2-2 A488+A405 Phe-Az;81b;5;256;256;29;1.84E+07;3.92E+06;1.09E+07;3.60E-01;1.69E+00;4.69E+00;A488+A405;Phe-Az
20.01.2021;126/8 dD2-2 A488+A405 Phe-Az;81b;6;256;256;29;1.70E+07;3.93E+06;8.75E+06;4.49E-01;1.94E+00;4.33E+00;A488+A405;Phe-Az
20.01.2021;126/8 dD2-2 A488+A405 Phe-Az;81b;7;256;256;34;2.34E+07;3.21E+06;1.23E+07;2.61E-01;1.90E+00;7.29E+00;A488+A405;Phe-Az
20.01.2021;126/8 dD2-2 A488+A405 Phe-Az;81b;8;256;256;34;2.25E+07;3.34E+06;9.95E+06;3.36E-01;2.26E+00;6.74E+00;A488+A405;Phe-Az
20.01.2021;126/8 dD2-2 A488+A405 Phe-Az;81b;9;256;256;28;2.08E+07;3.52E+06;1.28E+07;2.75E-01;1.63E+00;5.91E+00;A488+A405;Phe-Az
20.01.2021;126/8 dD2-2 A488+A405 Phe-Az;81b;10;256;256;28;2.07E+07;3.60E+06;1.04E+07;3.46E-01;1.99E+00;5.75E+00;A488+A405;Phe-Az
20.01.2021;126/8 dD2-2 A488+A405 Phe-Az;81b;11;256;256;28;1.73E+07;4.01E+06;1.30E+07;3.08E-01;1.33E+00;4.31E+00;A488+A405;Phe-Az
20.01.2021;126/8 dD2-2 A488+A405 Phe-Az;81b;12;256;256;28;1.65E+07;4.18E+06;1.07E+07;3.91E-01;1.54E+00;3.95E+00;A488+A405;Phe-Az
20.01.2021;126/8 dD2-2 A488+A405 Phe-Az;81b;13;256;256;35;4.28E+07;8.60E+06;2.43E+07;3.54E-01;1.76E+00;4.98E+00;A488+A405;Phe-Az
20.01.2021;126/8 dD2-2 A488+A405 Phe-Az;81b;14;256;256;35;4.23E+07;8.57E+06;1.98E+07;4.33E-01;2.14E+00;4.94E+00;A488+A405;Phe-Az
20.01.2021;126/8 dD2-2 A488+A405 Phe-Az;81b;15;256;256;29;2.30E+07;5.68E+06;2.17E+07;2.62E-01;1.06E+00;4.05E+00;A488+A405;Phe-Az
20.01.2021;126/8 dD2-2 A488+A405 Phe-Az;81b;16;256;256;29;2.43E+07;5.99E+06;1.80E+07;3.33E-01;1.35E+00;4.06E+00;A488+A405;Phe-Az
20.01.2021;126/8 dD2-2 A488+A405 Phe-Az;81b;17;256;256;29;1.81E+07;3.71E+06;1.79E+07;2.07E-01;1.01E+00;4.88E+00;A488+A405;Phe-Az
20.01.2021;126/8 dD2-2 A488+A405 Phe-Az;81b;18;256;256;29;1.81E+07;3.78E+06;1.45E+07;2.61E-01;1.25E+00;4.79E+00;A488+A405;Phe-Az
20.01.2021;126/8 dD2-2 A488+A405 Phe-Az;81b;19;256;256;32;2.42E+07;3.54E+06;1.55E+07;2.28E-01;1.56E+00;6.84E+00;A488+A405;Phe-Az
20.01.2021;126/8 dD2-2 A488+A405 Phe-Az;81b;20;256;256;32;2.37E+07;3.63E+06;1.38E+07;2.63E-01;1.72E+00;6.53E+00;A488+A405;Phe-Az
20.01.2021;126/8 dD2-2 A488+A405 Phe-Az;81b;21;256;256;29;1.63E+07;3.75E+06;1.00E+07;3.75E-01;1.63E+00;4.35E+00;A488+A405;Phe-Az
20.01.2021;126/8 dD2-2 A488+A405 Phe-Az;81b;22;256;256;29;1.46E+07;3.83E+06;8.27E+06;4.63E-01;1.77E+00;3.81E+00;A488+A405;Phe-Az
20.01.2021;126/8 dD2-2 A488+A405 Phe-Az;81b;23;256;256;29;1.71E+07;2.63E+06;1.10E+07;2.39E-01;1.55E+00;6.50E+00;A488+A405;Phe-Az
20.01.2021;126/8 dD2-2 A488+A405 Phe-Az;81b;24;256;256;29;3.12E+07;2.74E+06;9.01E+06;3.04E-01;3.46E+00;1.14E+01;A488+A405;Phe-Az
20.01.2021;126/8 dD2-2 A488+A405 Phe-Az;81b;25;256;256;29;1.99E+07;2.42E+06;9.39E+06;2.58E-01;2.12E+00;8.22E+00;A488+A405;Phe-Az
20.01.2021;126/8 dD2-2 A488+A405 Phe-Az;81b;26;256;256;29;2.05E+07;2.46E+06;7.78E+06;3.16E-01;2.63E+00;8.33E+00;A488+A405;Phe-Az
20.01.2021;126/8 dD2-2 A488+A405 Phe-Az;81b;27;256;256;31;2.58E+07;6.20E+06;1.64E+07;3.78E-01;1.57E+00;4.16E+00;A488+A405;Phe-Az
20.01.2021;126/8 dD2-2 A488+A405 Phe-Az;81b;28;256;256;31;2.54E+07;6.19E+06;1.31E+07;4.73E-01;1.94E+00;4.10E+00;A488+A405;Phe-Az
20.01.2021;126/8 dD2-2 A488+A405 Phe-Az;81b;29;256;256;28;1.45E+07;2.79E+06;9.65E+06;2.89E-01;1.50E+00;5.20E+00;A488+A405;Phe-Az
20.01.2021;126/8 dD2-2 A488+A405 Phe-Az;81b;30;256;256;28;1.43E+07;2.84E+06;7.93E+06;3.58E-01;1.80E+00;5.04E+00;A488+A405;Phe-Az
20.01.2021;126/8 dD2-2 A488+A405 Phe-Az;81b;31;256;256;36;3.30E+07;4.75E+06;2.21E+07;2.15E-01;1.49E+00;6.95E+00;A488+A405;Phe-Az
20.01.2021;126/8 dD2-2 A488+A405 Phe-Az;81b;32;256;256;36;3.29E+07;4.91E+06;1.71E+07;2.87E-01;1.92E+00;6.70E+00;A488+A405;Phe-Az
20.01.2021;126/8 dD2-2 A488+A405 Phe-Az;81b;33;256;256;32;2.74E+07;6.25E+06;1.05E+07;5.95E-01;2.61E+00;4.38E+00;A488+A405;Phe-Az
20.01.2021;126/8 dD2-2 A488+A405 Phe-Az;81b;34;256;256;32;2.64E+07;6.18E+06;8.32E+06;7.43E-01;3.17E+00;4.27E+00;A488+A405;Phe-Az
20.01.2021;126/8 dD2-2 A488+A405 Phe-Az;81b;35;256;256;29;2.19E+07;3.31E+06;1.38E+07;2.40E-01;1.59E+00;6.62E+00;A488+A405;Phe-Az
20.01.2021;126/8 dD2-2 A488+A405 Phe-Az;81b;36;256;256;29;2.06E+07;3.58E+06;1.12E+07;3.20E-01;1.84E+00;5.75E+00;A488+A405;Phe-Az
20.01.2021;126/8 dD2-2 A488+A405 Phe-Az;81b;37;256;256;30;2.11E+07;3.95E+06;1.51E+07;2.62E-01;1.40E+00;5.34E+00;A488+A405;Phe-Az
20.01.2021;126/8 dD2-2 A488+A405 Phe-Az;81b;38;256;256;30;1.98E+07;4.16E+06;1.19E+07;3.50E-01;1.66E+00;4.76E+00;A488+A405;Phe-Az
20.01.2021;126/8 dD2-2 A488+A405 Phe-Az;81b;39;256;256;32;2.44E+07;2.87E+06;1.83E+07;1.57E-01;1.33E+00;8.50E+00;A488+A405;Phe-Az
20.01.2021;126/8 dD2-2 A488+A405 Phe-Az;81b;40;256;256;32;2.34E+07;3.13E+06;1.55E+07;2.02E-01;1.51E+00;7.48E+00;A488+A405;Phe-Az
20.01.2021;126/8 dD2-2 A488+A405 Phe-Az;81b;41;256;256;33;3.26E+07;5.66E+06;1.70E+07;3.33E-01;1.92E+00;5.76E+00;A488+A405;Phe-Az
20.01.2021;126/8 dD2-2 A488+A405 Phe-Az;81b;42;256;256;33;3.19E+07;5.83E+06;1.36E+07;4.29E-01;2.35E+00;5.47E+00;A488+A405;Phe-Az
20.01.2021;126/8 dD2-2 A405+BODI Control;88a;3;256;256;28;5.92E+07;9.11E+06;2.59E+07;3.52E-01;2.29E+00;6.50E+00;A405+BODIPY;No Feed
20.01.2021;126/8 dD2-2 A405+BODI Control;88a;4;256;256;28;5.52E+07;8.79E+06;2.22E+07;3.96E-01;2.49E+00;6.28E+00;A405+BODIPY;No Feed
20.01.2021;126/8 dD2-2 A405+BODI Control;88a;5;256;256;41;5.96E+07;9.19E+06;3.75E+07;2.45E-01;1.59E+00;6.49E+00;A405+BODIPY;No Feed
20.01.2021;126/8 dD2-2 A405+BODI Control;88a;6;256;256;41;5.41E+07;9.31E+06;2.99E+07;3.11E-01;1.81E+00;5.81E+00;A405+BODIPY;No Feed
20.01.2021;126/8 dD2-2 A405+BODI Control;88a;7;256;256;32;5.60E+07;8.89E+06;2.91E+07;3.05E-01;1.92E+00;6.30E+00;A405+BODIPY;No Feed
20.01.2021;126/8 dD2-2 A405+BODI Control;88a;8;256;256;32;4.96E+07;9.41E+06;2.33E+07;4.04E-01;2.13E+00;5.27E+00;A405+BODIPY;No Feed
20.01.2021;126/8 dD2-2 A405+BODI Control;88a;9;256;256;27;6.59E+07;5.84E+06;2.23E+07;2.62E-01;2.96E+00;1.13E+01;A405+BODIPY;No Feed
20.01.2021;126/8 dD2-2 A405+BODI Control;88a;10;256;256;27;6.06E+07;6.02E+06;1.85E+07;3.25E-01;3.28E+00;1.01E+01;A405+BODIPY;No Feed
20.01.2021;126/8 dD2-2 A405+BODI Control;88a;11;256;256;33;5.78E+07;1.04E+07;3.33E+07;3.12E-01;1.74E+00;5.56E+00;A405+BODIPY;No Feed
20.01.2021;126/8 dD2-2 A405+BODI Control;88a;12;256;256;33;5.43E+07;9.90E+06;2.63E+07;3.76E-01;2.06E+00;5.48E+00;A405+BODIPY;No Feed
20.01.2021;126/8 dD2-2 A405+BODI Control;88a;13;256;256;32;5.74E+07;8.81E+06;2.88E+07;3.06E-01;1.99E+00;6.52E+00;A405+BODIPY;No Feed
20.01.2021;126/8 dD2-2 A405+BODI Control;88a;14;256;256;32;5.46E+07;8.84E+06;2.35E+07;3.76E-01;2.32E+00;6.18E+00;A405+BODIPY;No Feed
20.01.2021;126/8 dD2-2 A405+BODI Control;88a;15;256;256;30;4.49E+07;7.01E+06;2.56E+07;2.74E-01;1.75E+00;6.41E+00;A405+BODIPY;No Feed
20.01.2021;126/8 dD2-2 A405+BODI Control;88a;16;256;256;30;4.24E+07;7.71E+06;2.18E+07;3.54E-01;1.94E+00;5.50E+00;A405+BODIPY;No Feed
20.01.2021;126/8 dD2-2 A405+BODI Control;88a;17;256;256;52;1.12E+08;1.56E+07;5.69E+07;2.74E-01;1.97E+00;7.18E+00;A405+BODIPY;No Feed
20.01.2021;126/8 dD2-2 A405+BODI Control;88a;18;256;256;52;1.06E+08;1.56E+07;4.80E+07;3.25E-01;2.21E+00;6.79E+00;A405+BODIPY;No Feed
20.01.2021;126/8 dD2-2 A405+BODI Control;88a;19;256;256;33;8.27E+07;9.54E+06;3.87E+07;2.47E-01;2.14E+00;8.67E+00;A405+BODIPY;No Feed
20.01.2021;126/8 dD2-2 A405+BODI Control;88a;20;256;256;33;7.95E+07;9.94E+06;3.05E+07;3.26E-01;2.61E+00;8.00E+00;A405+BODIPY;No Feed
20.01.2021;126/8 dD2-2 A405+BODI Control;88a;21;256;256;29;4.40E+07;7.56E+06;3.19E+07;2.37E-01;1.38E+00;5.82E+00;A405+BODIPY;No Feed
20.01.2021;126/8 dD2-2 A405+BODI Control;88a;22;256;256;29;4.14E+07;6.96E+06;2.57E+07;2.71E-01;1.61E+00;5.95E+00;A405+BODIPY;No Feed
20.01.2021;126/8 dD2-2 A405+BODI Control;88a;25;256;256;34;5.03E+07;9.00E+06;2.38E+07;3.78E-01;2.11E+00;5.59E+00;A405+BODIPY;No Feed
20.01.2021;126/8 dD2-2 A405+BODI Control;88a;26;256;256;34;4.85E+07;8.51E+06;1.92E+07;4.43E-01;2.53E+00;5.70E+00;A405+BODIPY;No Feed
20.01.2021;126/8 dD2-2 A405+BODI Control;88a;27;256;256;29;6.86E+07;8.69E+06;3.03E+07;2.87E-01;2.26E+00;7.89E+00;A405+BODIPY;No Feed
20.01.2021;126/8 dD2-2 A405+BODI Control;88a;28;256;256;29;6.38E+07;8.64E+06;2.52E+07;3.43E-01;2.53E+00;7.38E+00;A405+BODIPY;No Feed
20.01.2021;126/8 dD2-2 A405+BODI Control;88a;29;256;256;33;7.27E+07;1.11E+07;3.37E+07;3.29E-01;2.16E+00;6.55E+00;A405+BODIPY;No Feed
20.01.2021;126/8 dD2-2 A405+BODI Control;88a;30;256;256;33;6.75E+07;1.04E+07;2.77E+07;3.75E-01;2.44E+00;6.49E+00;A405+BODIPY;No Feed
20.01.2021;126/8 dD2-2 A405+BODI Control;88a;31;256;256;36;7.69E+07;9.38E+06;3.18E+07;2.95E-01;2.42E+00;8.20E+00;A405+BODIPY;No Feed
20.01.2021;126/8 dD2-2 A405+BODI Control;88a;32;256;256;36;7.16E+07;9.48E+06;2.67E+07;3.55E-01;2.68E+00;7.55E+00;A405+BODIPY;No Feed
20.01.2021;126/8 dD2-2 A405+BODI Control;88a;33;256;256;49;1.10E+08;1.47E+07;5.12E+07;2.87E-01;2.15E+00;7.48E+00;A405+BODIPY;No Feed
20.01.2021;126/8 dD2-2 A405+BODI Control;88a;34;256;256;49;1.04E+08;1.59E+07;4.17E+07;3.81E-01;2.49E+00;6.54E+00;A405+BODIPY;No Feed
20.01.2021;126/8 dD2-2 A405+BODI Control;88a;35;256;256;31;5.61E+07;9.19E+06;2.52E+07;3.65E-01;2.23E+00;6.10E+00;A405+BODIPY;No Feed
20.01.2021;126/8 dD2-2 A405+BODI Control;88a;36;256;256;31;5.37E+07;8.95E+06;2.06E+07;4.34E-01;2.61E+00;6.00E+00;A405+BODIPY;No Feed
20.01.2021;126/8 dD2-2 A405+BODI Control;88a;37;256;256;30;8.05E+07;9.08E+06;2.96E+07;3.07E-01;2.72E+00;8.87E+00;A405+BODIPY;No Feed
20.01.2021;126/8 dD2-2 A405+BODI Control;88a;38;256;256;30;7.84E+07;9.17E+06;2.49E+07;3.68E-01;3.15E+00;8.55E+00;A405+BODIPY;No Feed
20.01.2021;126/8 dD2-2 A405+BODI Control;88a;39;256;256;31;5.29E+07;9.56E+06;2.84E+07;3.37E-01;1.86E+00;5.53E+00;A405+BODIPY;No Feed
20.01.2021;126/8 dD2-2 A405+BODI Control;88a;40;256;256;31;4.97E+07;9.56E+06;2.29E+07;4.17E-01;2.17E+00;5.20E+00;A405+BODIPY;No Feed
20.01.2021;126/8 dD2-2 A405+BODI Control;88a;41;256;256;28;4.46E+07;8.06E+06;1.85E+07;4.36E-01;2.41E+00;5.53E+00;A405+BODIPY;No Feed
20.01.2021;126/8 dD2-2 A405+BODI Control;88a;42;256;256;28;4.39E+07;7.86E+06;1.53E+07;5.14E-01;2.87E+00;5.59E+00;A405+BODIPY;No Feed
20.01.2021;126/8 dD2-2 A405+BODI Prop-Tyr;88b;3;256;256;29;1.14E+08;1.46E+07;2.39E+07;6.11E-01;4.77E+00;7.81E+00;A405+BODIPY;Prop-Tyr
20.01.2021;126/8 dD2-2 A405+BODI Prop-Tyr;88b;4;256;256;29;1.09E+08;1.42E+07;1.97E+07;7.21E-01;5.53E+00;7.68E+00;A405+BODIPY;Prop-Tyr
20.01.2021;126/8 dD2-2 A405+BODI Prop-Tyr;88b;5;256;256;17;8.78E+07;9.45E+06;2.37E+07;3.99E-01;3.70E+00;9.29E+00;A405+BODIPY;Prop-Tyr
20.01.2021;126/8 dD2-2 A405+BODI Prop-Tyr;88b;6;256;256;17;8.22E+07;9.11E+06;1.84E+07;4.95E-01;4.47E+00;9.02E+00;A405+BODIPY;Prop-Tyr
20.01.2021;126/8 dD2-2 A405+BODI Prop-Tyr;88b;7;256;256;17;6.01E+07;7.23E+06;1.63E+07;4.44E-01;3.69E+00;8.31E+00;A405+BODIPY;Prop-Tyr
20.01.2021;126/8 dD2-2 A405+BODI Prop-Tyr;88b;8;256;256;17;5.47E+07;6.96E+06;1.27E+07;5.48E-01;4.31E+00;7.86E+00;A405+BODIPY;Prop-Tyr
20.01.2021;126/8 dD2-2 A405+BODI Prop-Tyr;88b;9;256;256;18;8.17E+07;8.92E+06;2.56E+07;3.48E-01;3.19E+00;9.16E+00;A405+BODIPY;Prop-Tyr
20.01.2021;126/8 dD2-2 A405+BODI Prop-Tyr;88b;10;256;256;18;7.72E+07;8.60E+06;2.02E+07;4.26E-01;3.82E+00;8.98E+00;A405+BODIPY;Prop-Tyr
20.01.2021;126/8 dD2-2 A405+BODI Prop-Tyr;88b;11;256;256;20;8.23E+07;9.75E+06;2.32E+07;4.20E-01;3.55E+00;8.44E+00;A405+BODIPY;Prop-Tyr
20.01.2021;126/8 dD2-2 A405+BODI Prop-Tyr;88b;12;256;256;20;7.82E+07;9.36E+06;1.84E+07;5.09E-01;4.25E+00;8.35E+00;A405+BODIPY;Prop-Tyr
20.01.2021;126/8 dD2-2 A405+BODI Prop-Tyr;88b;13;256;256;18;5.15E+07;6.43E+06;1.52E+07;4.23E-01;3.39E+00;8.01E+00;A405+BODIPY;Prop-Tyr
20.01.2021;126/8 dD2-2 A405+BODI Prop-Tyr;88b;14;256;256;18;4.99E+07;6.36E+06;1.29E+07;4.93E-01;3.87E+00;7.85E+00;A405+BODIPY;Prop-Tyr
20.01.2021;126/8 dD2-2 A405+BODI Prop-Tyr;88b;15;256;256;18;8.69E+07;1.14E+07;2.38E+07;4.79E-01;3.65E+00;7.62E+00;A405+BODIPY;Prop-Tyr
20.01.2021;126/8 dD2-2 A405+BODI Prop-Tyr;88b;16;256;256;18;8.18E+07;1.11E+07;1.86E+07;5.97E-01;4.40E+00;7.37E+00;A405+BODIPY;Prop-Tyr
20.01.2021;126/8 dD2-2 A405+BODI Prop-Tyr;88b;17;256;256;25;8.08E+07;1.21E+07;2.19E+07;5.53E-01;3.69E+00;6.68E+00;A405+BODIPY;Prop-Tyr
20.01.2021;126/8 dD2-2 A405+BODI Prop-Tyr;88b;18;256;256;25;7.49E+07;1.17E+07;1.75E+07;6.69E-01;4.28E+00;6.40E+00;A405+BODIPY;Prop-Tyr
20.01.2021;126/8 dD2-2 A405+BODI Prop-Tyr;88b;20;256;256;19;7.56E+07;7.84E+06;2.10E+07;3.73E-01;3.60E+00;9.64E+00;A405+BODIPY;Prop-Tyr
20.01.2021;126/8 dD2-2 A405+BODI Prop-Tyr;88b;20;256;256;19;7.56E+07;7.84E+06;2.10E+07;3.73E-01;3.60E+00;9.64E+00;A405+BODIPY;Prop-Tyr
20.01.2021;126/8 dD2-2 A405+BODI Prop-Tyr;88b;21;256;256;27;9.42E+07;1.63E+07;2.99E+07;5.45E-01;3.15E+00;5.78E+00;A405+BODIPY;Prop-Tyr
20.01.2021;126/8 dD2-2 A405+BODI Prop-Tyr;88b;22;256;256;27;8.81E+07;1.57E+07;2.31E+07;6.80E-01;3.81E+00;5.61E+00;A405+BODIPY;Prop-Tyr
20.01.2021;126/8 dD2-2 A405+BODI Prop-Tyr;88b;23;256;256;27;1.11E+08;1.41E+07;3.19E+07;4.42E-01;3.48E+00;7.87E+00;A405+BODIPY;Prop-Tyr
20.01.2021;126/8 dD2-2 A405+BODI Prop-Tyr;88b;24;256;256;27;1.04E+08;1.39E+07;2.47E+07;5.63E-01;4.21E+00;7.48E+00;A405+BODIPY;Prop-Tyr
20.01.2021;126/8 dD2-2 A405+BODI Prop-Tyr;88b;25;256;256;19;8.15E+07;8.56E+06;2.68E+07;3.19E-01;3.04E+00;9.52E+00;A405+BODIPY;Prop-Tyr
20.01.2021;126/8 dD2-2 A405+BODI Prop-Tyr;88b;26;256;256;19;7.67E+07;8.33E+06;2.05E+07;4.06E-01;3.74E+00;9.21E+00;A405+BODIPY;Prop-Tyr
20.01.2021;126/8 dD2-2 A405+BODI Prop-Tyr;88b;27;256;256;26;1.13E+08;1.34E+07;2.71E+07;4.94E-01;4.17E+00;8.43E+00;A405+BODIPY;Prop-Tyr
20.01.2021;126/8 dD2-2 A405+BODI Prop-Tyr;88b;28;256;256;26;1.08E+08;1.33E+07;2.07E+07;6.43E-01;5.22E+00;8.12E+00;A405+BODIPY;Prop-Tyr
20.01.2021;126/8 dD2-2 A405+BODI Prop-Tyr;88b;29;256;256;20;1.07E+08;1.43E+07;3.23E+07;4.43E-01;3.31E+00;7.48E+00;A405+BODIPY;Prop-Tyr
20.01.2021;126/8 dD2-2 A405+BODI Prop-Tyr;88b;30;256;256;20;1.00E+08;1.39E+07;2.40E+07;5.79E-01;4.17E+00;7.19E+00;A405+BODIPY;Prop-Tyr
20.01.2021;126/8 dD2-2 A405+BODI Prop-Tyr;88b;31;256;256;21;8.31E+07;1.43E+07;2.85E+07;5.02E-01;2.92E+00;5.81E+00;A405+BODIPY;Prop-Tyr
20.01.2021;126/8 dD2-2 A405+BODI Prop-Tyr;88b;32;256;256;21;7.95E+07;1.38E+07;2.22E+07;6.22E-01;3.58E+00;5.76E+00;A405+BODIPY;Prop-Tyr
20.01.2021;126/8 dD2-2 A405+BODI Prop-Tyr;88b;33;256;256;20;8.75E+07;1.03E+07;2.26E+07;4.56E-01;3.87E+00;8.50E+00;A405+BODIPY;Prop-Tyr
20.01.2021;126/8 dD2-2 A405+BODI Prop-Tyr;88b;34;256;256;20;8.16E+07;1.01E+07;1.80E+07;5.61E-01;4.53E+00;8.08E+00;A405+BODIPY;Prop-Tyr
20.01.2021;126/8 dD2-2 A405+BODI Prop-Tyr;88b;35;256;256;21;9.26E+07;1.21E+07;1.91E+07;6.34E-01;4.85E+00;7.65E+00;A405+BODIPY;Prop-Tyr
20.01.2021;126/8 dD2-2 A405+BODI Prop-Tyr;88b;36;256;256;21;8.80E+07;1.19E+07;1.59E+07;7.48E-01;5.53E+00;7.39E+00;A405+BODIPY;Prop-Tyr
20.01.2021;126/8 dD2-2 A405+BODI Prop-Tyr;88b;37;256;256;21;8.68E+07;9.47E+06;1.87E+07;5.06E-01;4.64E+00;9.17E+00;A405+BODIPY;Prop-Tyr
20.01.2021;126/8 dD2-2 A405+BODI Prop-Tyr;88b;38;256;256;21;8.08E+07;9.72E+06;1.46E+07;6.66E-01;5.53E+00;8.31E+00;A405+BODIPY;Prop-Tyr
20.01.2021;126/8 dD2-2 A405+BODI Prop-Tyr;88b;39;256;256;28;9.85E+07;1.78E+07;3.65E+07;4.88E-01;2.70E+00;5.53E+00;A405+BODIPY;Prop-Tyr
20.01.2021;126/8 dD2-2 A405+BODI Prop-Tyr;88b;40;256;256;28;9.18E+07;1.76E+07;2.78E+07;6.33E-01;3.30E+00;5.22E+00;A405+BODIPY;Prop-Tyr
20.01.2021;126/8 dD2-2 A405+BODI Prop-Tyr;88b;41;256;256;21;7.56E+07;8.96E+06;2.88E+07;3.11E-01;2.63E+00;8.44E+00;A405+BODIPY;Prop-Tyr
20.01.2021;126/8 dD2-2 A405+BODI Prop-Tyr;88b;42;256;256;21;7.15E+07;8.69E+06;2.28E+07;3.81E-01;3.14E+00;8.23E+00;A405+BODIPY;Prop-Tyr
20.01.2021;126/8 dD2-2 A405+BODI Prop-Lys;89a;3;256;256;28;9.67E+07;8.89E+06;3.25E+07;2.74E-01;2.98E+00;1.09E+01;A405+BODIPY;Prop-Lys
20.01.2021;126/8 dD2-2 A405+BODI Prop-Lys;89a;4;256;256;28;9.02E+07;8.57E+06;2.57E+07;3.33E-01;3.51E+00;1.05E+01;A405+BODIPY;Prop-Lys
20.01.2021;126/8 dD2-2 A405+BODI Prop-Lys;89a;5;256;256;30;9.48E+07;9.57E+06;2.99E+07;3.20E-01;3.17E+00;9.91E+00;A405+BODIPY;Prop-Lys
20.01.2021;126/8 dD2-2 A405+BODI Prop-Lys;89a;6;256;256;30;8.81E+07;9.48E+06;2.45E+07;3.87E-01;3.60E+00;9.29E+00;A405+BODIPY;Prop-Lys
20.01.2021;126/8 dD2-2 A405+BODI Prop-Lys;89a;7;256;256;29;1.07E+08;8.81E+06;3.18E+07;2.77E-01;3.36E+00;1.21E+01;A405+BODIPY;Prop-Lys
20.01.2021;126/8 dD2-2 A405+BODI Prop-Lys;89a;8;256;256;29;9.94E+07;9.02E+06;2.54E+07;3.55E-01;3.91E+00;1.10E+01;A405+BODIPY;Prop-Lys
20.01.2021;126/8 dD2-2 A405+BODI Prop-Lys;89a;9;256;256;32;1.19E+08;9.53E+06;2.93E+07;3.25E-01;4.06E+00;1.25E+01;A405+BODIPY;Prop-Lys
20.01.2021;126/8 dD2-2 A405+BODI Prop-Lys;89a;10;256;256;32;1.09E+08;9.66E+06;2.44E+07;3.96E-01;4.47E+00;1.13E+01;A405+BODIPY;Prop-Lys
20.01.2021;126/8 dD2-2 A405+BODI Prop-Lys;89a;11;256;256;31;9.30E+07;7.88E+06;3.51E+07;2.25E-01;2.65E+00;1.18E+01;A405+BODIPY;Prop-Lys
20.01.2021;126/8 dD2-2 A405+BODI Prop-Lys;89a;12;256;256;31;8.54E+07;8.20E+06;2.80E+07;2.93E-01;3.05E+00;1.04E+01;A405+BODIPY;Prop-Lys
20.01.2021;126/8 dD2-2 A405+BODI Prop-Lys;89a;13;256;256;28;1.00E+08;7.47E+06;3.58E+07;2.09E-01;2.79E+00;1.34E+01;A405+BODIPY;Prop-Lys
20.01.2021;126/8 dD2-2 A405+BODI Prop-Lys;89a;14;256;256;28;9.38E+07;7.42E+06;2.85E+07;2.60E-01;3.29E+00;1.26E+01;A405+BODIPY;Prop-Lys
20.01.2021;126/8 dD2-2 A405+BODI Prop-Lys;89a;15;256;256;32;1.24E+08;1.11E+07;2.94E+07;3.78E-01;4.22E+00;1.12E+01;A405+BODIPY;Prop-Lys
20.01.2021;126/8 dD2-2 A405+BODI Prop-Lys;89a;16;256;256;32;1.14E+08;1.12E+07;2.58E+07;4.34E-01;4.42E+00;1.02E+01;A405+BODIPY;Prop-Lys
20.01.2021;126/8 dD2-2 A405+BODI Prop-Lys;89a;17;256;256;30;9.63E+07;8.50E+06;2.96E+07;2.87E-01;3.25E+00;1.13E+01;A405+BODIPY;Prop-Lys
20.01.2021;126/8 dD2-2 A405+BODI Prop-Lys;89a;18;256;256;30;8.95E+07;7.86E+06;2.47E+07;3.18E-01;3.62E+00;1.14E+01;A405+BODIPY;Prop-Lys
20.01.2021;126/8 dD2-2 A405+BODI Prop-Lys;89a;19;256;256;32;9.68E+07;9.01E+06;2.38E+07;3.79E-01;4.07E+00;1.07E+01;A405+BODIPY;Prop-Lys
20.01.2021;126/8 dD2-2 A405+BODI Prop-Lys;89a;20;256;256;32;8.86E+07;9.09E+06;1.94E+07;4.69E-01;4.57E+00;9.75E+00;A405+BODIPY;Prop-Lys
20.01.2021;126/8 dD2-2 A405+BODI Prop-Lys;89a;21;256;256;35;7.77E+07;7.85E+06;1.88E+07;4.18E-01;4.13E+00;9.90E+00;A405+BODIPY;Prop-Lys
20.01.2021;126/8 dD2-2 A405+BODI Prop-Lys;89a;22;256;256;35;6.95E+07;8.14E+06;1.51E+07;5.39E-01;4.60E+00;8.54E+00;A405+BODIPY;Prop-Lys
20.01.2021;126/8 dD2-2 A405+BODI Prop-Lys;89a;23;256;256;30;9.50E+07;7.79E+06;2.47E+07;3.15E-01;3.85E+00;1.22E+01;A405+BODIPY;Prop-Lys
20.01.2021;126/8 dD2-2 A405+BODI Prop-Lys;89a;24;256;256;30;8.70E+07;7.70E+06;2.04E+07;3.77E-01;4.26E+00;1.13E+01;A405+BODIPY;Prop-Lys
20.01.2021;126/8 dD2-2 A405+BODI Prop-Lys;89a;25;256;256;33;8.80E+07;7.72E+06;2.35E+07;3.29E-01;3.74E+00;1.14E+01;A405+BODIPY;Prop-Lys
20.01.2021;126/8 dD2-2 A405+BODI Prop-Lys;89a;26;256;256;33;8.16E+07;7.72E+06;2.00E+07;3.86E-01;4.08E+00;1.06E+01;A405+BODIPY;Prop-Lys
20.01.2021;126/8 dD2-2 A405+BODI Prop-Lys;89a;27;256;256;33;1.07E+08;8.69E+06;2.76E+07;3.15E-01;3.88E+00;1.23E+01;A405+BODIPY;Prop-Lys
20.01.2021;126/8 dD2-2 A405+BODI Prop-Lys;89a;28;256;256;33;9.96E+07;8.46E+06;2.32E+07;3.65E-01;4.29E+00;1.18E+01;A405+BODIPY;Prop-Lys
20.01.2021;126/8 dD2-2 A405+BODI Prop-Lys;89a;29;256;256;30;1.11E+08;1.07E+07;2.42E+07;4.42E-01;4.59E+00;1.04E+01;A405+BODIPY;Prop-Lys
20.01.2021;126/8 dD2-2 A405+BODI Prop-Lys;89a;30;256;256;30;1.03E+08;1.03E+07;2.08E+07;4.95E-01;4.95E+00;1.00E+01;A405+BODIPY;Prop-Lys
20.01.2021;126/8 dD2-2 A405+BODI Prop-Lys;89a;31;256;256;30;1.20E+08;1.05E+07;2.36E+07;4.45E-01;5.08E+00;1.14E+01;A405+BODIPY;Prop-Lys
20.01.2021;126/8 dD2-2 A405+BODI Prop-Lys;89a;32;256;256;30;1.09E+08;1.02E+07;1.90E+07;5.37E-01;5.74E+00;1.07E+01;A405+BODIPY;Prop-Lys
20.01.2021;126/8 dD2-2 A405+BODI Prop-Lys;89a;33;256;256;25;7.24E+07;6.07E+06;2.03E+07;2.99E-01;3.57E+00;1.19E+01;A405+BODIPY;Prop-Lys
20.01.2021;126/8 dD2-2 A405+BODI Prop-Lys;89a;34;256;256;25;6.68E+07;5.69E+06;1.64E+07;3.47E-01;4.07E+00;1.17E+01;A405+BODIPY;Prop-Lys
20.01.2021;126/8 dD2-2 A405+BODI Prop-Lys;89a;35;256;256;39;8.79E+07;1.22E+07;3.14E+07;3.89E-01;2.80E+00;7.20E+00;A405+BODIPY;Prop-Lys
20.01.2021;126/8 dD2-2 A405+BODI Prop-Lys;89a;36;256;256;39;7.56E+07;1.29E+07;2.13E+07;6.06E-01;3.55E+00;5.86E+00;A405+BODIPY;Prop-Lys
20.01.2021;126/8 dD2-2 A405+BODI Prop-Lys;89a;37;256;256;33;1.06E+08;9.92E+06;3.02E+07;3.28E-01;3.51E+00;1.07E+01;A405+BODIPY;Prop-Lys
20.01.2021;126/8 dD2-2 A405+BODI Prop-Lys;89a;38;256;256;33;9.91E+07;1.00E+07;2.60E+07;3.85E-01;3.81E+00;9.91E+00;A405+BODIPY;Prop-Lys
20.01.2021;126/8 dD2-2 A405+BODI Prop-Lys;89a;39;256;256;29;8.21E+07;8.57E+06;2.23E+07;3.84E-01;3.68E+00;9.58E+00;A405+BODIPY;Prop-Lys
20.01.2021;126/8 dD2-2 A405+BODI Prop-Lys;89a;40;256;256;29;7.37E+07;8.50E+06;1.78E+07;4.78E-01;4.14E+00;8.67E+00;A405+BODIPY;Prop-Lys
20.01.2021;126/8 dD2-2 A405+BODI Prop-Lys;89a;41;256;256;33;1.01E+08;7.74E+06;2.59E+07;2.99E-01;3.90E+00;1.30E+01;A405+BODIPY;Prop-Lys
20.01.2021;126/8 dD2-2 A405+BODI Prop-Lys;89a;42;256;256;33;9.34E+07;8.37E+06;2.15E+07;3.89E-01;4.34E+00;1.12E+01;A405+BODIPY;Prop-Lys
20.01.2021;126/8 dD2-2 A405+BODI Phe-Az;89b;3;256;256;30;1.70E+07;4.32E+06;1.95E+07;2.22E-01;8.72E-01;3.94E+00;A405+BODIPY;Phe-Az
20.01.2021;126/8 dD2-2 A405+BODI Phe-Az;89b;4;256;256;30;1.22E+07;3.92E+06;1.37E+07;2.86E-01;8.91E-01;3.11E+00;A405+BODIPY;Phe-Az
20.01.2021;126/8 dD2-2 A405+BODI Phe-Az;89b;5;256;256;25;1.90E+07;3.51E+06;1.04E+07;3.38E-01;1.83E+00;5.41E+00;A405+BODIPY;Phe-Az
20.01.2021;126/8 dD2-2 A405+BODI Phe-Az;89b;6;256;256;25;1.40E+07;3.13E+06;7.08E+06;4.42E-01;1.98E+00;4.47E+00;A405+BODIPY;Phe-Az
20.01.2021;126/8 dD2-2 A405+BODI Phe-Az;89b;7;256;256;22;1.09E+07;3.16E+06;1.04E+07;3.04E-01;1.05E+00;3.45E+00;A405+BODIPY;Phe-Az
20.01.2021;126/8 dD2-2 A405+BODI Phe-Az;89b;8;256;256;22;1.10E+07;2.99E+06;7.65E+06;3.91E-01;1.44E+00;3.68E+00;A405+BODIPY;Phe-Az
